<?xml version="1.0" encoding="UTF-8"?>
<record xmlns="http://www.loc.gov/MARC21/slim">
  <leader>01312nam a22003130  4500</leader>
  <controlfield tag="008">850713 1979    onc                 eng  </controlfield>
  <datafield tag="020" ind1=" " ind2=" ">
    <subfield code="a">0662505212</subfield>
  </datafield>
  <datafield tag="040" ind1=" " ind2=" ">
    <subfield code="a">OOU</subfield>
    <subfield code="b">fre</subfield>
  </datafield>
  <datafield tag="041" ind1="0" ind2=" ">
    <subfield code="a">engfre</subfield>
  </datafield>
  <datafield tag="099" ind1=" " ind2=" ">
    <subfield code="a">KE 4765 .A7327 A39 1979</subfield>
  </datafield>
  <datafield tag="245" ind1="0" ind2="0">
    <subfield code="a">Advisory and investigatory commissions.</subfield>
  </datafield>
  <datafield tag="246" ind1="1" ind2="5">
    <subfield code="a">Report on advisory and investigatory commissions.</subfield>
  </datafield>
  <datafield tag="260" ind1=" " ind2=" ">
    <subfield code="a">Ottawa :</subfield>
    <subfield code="b">Minister of Supply and Services,</subfield>
    <subfield code="c">1979.</subfield>
  </datafield>
  <datafield tag="300" ind1=" " ind2=" ">
    <subfield code="a">48, 51 p. ;</subfield>
    <subfield code="c">25 cm.</subfield>
  </datafield>
  <datafield tag="490" ind1="1" ind2=" ">
    <subfield code="a">Report / Law Reform Commission of Canada ;</subfield>
    <subfield code="v">13.</subfield>
  </datafield>
  <datafield tag="490" ind1="1" ind2=" ">
    <subfield code="a">Rapport / Commission de réforme du droit du Canada;</subfield>
    <subfield code="v">13.</subfield>
  </datafield>
  <datafield tag="500" ind1=" " ind2=" ">
    <subfield code="a">Issued with French text inverted: Les commissions consultatives et les commissions d&apos;enquête.</subfield>
  </datafield>
  <datafield tag="650" ind1=" " ind2="0">
    <subfield code="a">Governmental investigations</subfield>
    <subfield code="z">Canada.</subfield>
  </datafield>
  <datafield tag="650" ind1=" " ind2="0">
    <subfield code="a">Legislative hearings</subfield>
    <subfield code="z">Canada.</subfield>
  </datafield>
  <datafield tag="650" ind1=" " ind2="6">
    <subfield code="a">Enquêtes publiques</subfield>
    <subfield code="z">Canada.</subfield>
  </datafield>
  <datafield tag="650" ind1=" " ind2="6">
    <subfield code="a">Commissions parlementaires</subfield>
    <subfield code="z">Canada.</subfield>
  </datafield>
  <datafield tag="650" ind1=" " ind2="0">
    <subfield code="a">Executive advisory bodies</subfield>
    <subfield code="z">Canada.</subfield>
  </datafield>
  <datafield tag="650" ind1=" " ind2="6">
    <subfield code="a">Organismes consultatifs</subfield>
    <subfield code="z">Canada.</subfield>
  </datafield>
  <datafield tag="710" ind1="2" ind2=" ">
    <subfield code="a">Law Reform Commission of Canada.</subfield>
  </datafield>
  <datafield tag="710" ind1="2" ind2=" ">
    <subfield code="a">Commission de réforme du droit du Canada.</subfield>
  </datafield>
  <datafield tag="740" ind1="4" ind2=" ">
    <subfield code="a">Les commissions consultatives et les commissions d&apos;enquête.</subfield>
  </datafield>
  <datafield tag="830" ind1=" " ind2="0">
    <subfield code="a">Report (Law Reform Commission of Canada) ;</subfield>
    <subfield code="v">13.</subfield>
  </datafield>
  <datafield tag="830" ind1=" " ind2="0">
    <subfield code="a">Rapport (Commission de réforme du droit du Canada) ;</subfield>
    <subfield code="v">13.</subfield>
  </datafield>
  <datafield tag="935" ind1=" " ind2=" ">
    <subfield code="a">D0645987</subfield>
  </datafield>
</record>
