<?xml version="1.0" encoding="UTF-8"?>
<record xmlns="http://www.loc.gov/MARC21/slim">
  <leader>01551nam a22003730  4500</leader>
  <controlfield tag="008">900201 1989    onc      b          eng  </controlfield>
  <datafield tag="016" ind1=" " ind2=" ">
    <subfield code="a">890971439E</subfield>
  </datafield>
  <datafield tag="020" ind1=" " ind2=" ">
    <subfield code="a">0662569008</subfield>
  </datafield>
  <datafield tag="040" ind1=" " ind2=" ">
    <subfield code="a">CaOODP</subfield>
    <subfield code="b">fre</subfield>
    <subfield code="d">OOU</subfield>
  </datafield>
  <datafield tag="041" ind1="0" ind2=" ">
    <subfield code="a">engfre</subfield>
  </datafield>
  <datafield tag="086" ind1="1" ind2="4">
    <subfield code="a">J32-1/61-1989</subfield>
    <subfield code="2">ssdocs.</subfield>
  </datafield>
  <datafield tag="099" ind1=" " ind2=" ">
    <subfield code="a">KE 3663 .M38 B56 1989</subfield>
  </datafield>
  <datafield tag="245" ind1="0" ind2="0">
    <subfield code="a">Biomedical experimentation involving human subjects /</subfield>
    <subfield code="c">[editor], Law Reform Commission of Canada.</subfield>
  </datafield>
  <datafield tag="260" ind1=" " ind2=" ">
    <subfield code="a">Ottawa :</subfield>
    <subfield code="b">Law Reform Commission of Canada,</subfield>
    <subfield code="c">1989.</subfield>
  </datafield>
  <datafield tag="300" ind1=" " ind2=" ">
    <subfield code="a">69, 73 p. ;</subfield>
    <subfield code="c">25 cm.</subfield>
  </datafield>
  <datafield tag="490" ind1="1" ind2=" ">
    <subfield code="a">Working paper ;</subfield>
    <subfield code="v">61.</subfield>
  </datafield>
  <datafield tag="490" ind1="1" ind2=" ">
    <subfield code="a">Document de travail ;</subfield>
    <subfield code="v">61.</subfield>
  </datafield>
  <datafield tag="500" ind1=" " ind2=" ">
    <subfield code="a">Text in English and French. Issued with French text inverted: L&apos;Expérimentation biomédicale sur les êtres humains.</subfield>
  </datafield>
  <datafield tag="650" ind1=" " ind2="0">
    <subfield code="a">Human experimentation in medicine</subfield>
    <subfield code="x">Law and legislation</subfield>
    <subfield code="z">Canada.</subfield>
  </datafield>
  <datafield tag="650" ind1=" " ind2="0">
    <subfield code="a">Bioethics</subfield>
    <subfield code="z">Canada.</subfield>
  </datafield>
  <datafield tag="650" ind1=" " ind2="6">
    <subfield code="a">Expérimentation humaine en médecine</subfield>
    <subfield code="x">Droit</subfield>
    <subfield code="z">Canada.</subfield>
  </datafield>
  <datafield tag="650" ind1=" " ind2="6">
    <subfield code="a">Bioéthique</subfield>
    <subfield code="z">Canada.</subfield>
  </datafield>
  <datafield tag="650" ind1=" " ind2="0">
    <subfield code="a">Human experimentation in medicine</subfield>
    <subfield code="x">Law and legislation.</subfield>
  </datafield>
  <datafield tag="650" ind1=" " ind2="0">
    <subfield code="a">Bioethics.</subfield>
  </datafield>
  <datafield tag="650" ind1=" " ind2="0">
    <subfield code="a">Medical ethics</subfield>
    <subfield code="z">Canada.</subfield>
  </datafield>
  <datafield tag="650" ind1=" " ind2="6">
    <subfield code="a">Expérimentation humaine en médecine</subfield>
    <subfield code="x">Droit.</subfield>
  </datafield>
  <datafield tag="650" ind1=" " ind2="6">
    <subfield code="a">Bioéthique.</subfield>
  </datafield>
  <datafield tag="650" ind1=" " ind2="6">
    <subfield code="a">Éthique médicale</subfield>
    <subfield code="z">Canada.</subfield>
  </datafield>
  <datafield tag="710" ind1="2" ind2="0">
    <subfield code="a">Law Reform Commission of Canada.</subfield>
  </datafield>
  <datafield tag="710" ind1="2" ind2="1">
    <subfield code="a">Commission de réforme du droit du Canada.</subfield>
  </datafield>
  <datafield tag="740" ind1="2" ind2="0">
    <subfield code="a">L&apos;expérimentation biomédicale sur l&apos;être humain.</subfield>
  </datafield>
  <datafield tag="830" ind1=" " ind2="0">
    <subfield code="a">Working paper (Law Reform Commission of Canada) ;</subfield>
    <subfield code="v">61.</subfield>
  </datafield>
  <datafield tag="830" ind1=" " ind2="0">
    <subfield code="a">Document de travail (Commission de réforme du droit du Canada) ;</subfield>
    <subfield code="v">61.</subfield>
  </datafield>
  <datafield tag="935" ind1=" " ind2=" ">
    <subfield code="a">D0937611</subfield>
  </datafield>
</record>
