<?xml version="1.0" encoding="UTF-8"?>
<record xmlns="http://www.loc.gov/MARC21/slim">
  <leader>01200nam a22003250  4500</leader>
  <controlfield tag="008">880718 1987    onc                 eng  </controlfield>
  <datafield tag="020" ind1=" " ind2=" ">
    <subfield code="a">0662547578</subfield>
  </datafield>
  <datafield tag="040" ind1=" " ind2=" ">
    <subfield code="a">OTLS</subfield>
    <subfield code="b">fre</subfield>
    <subfield code="d">OOU</subfield>
  </datafield>
  <datafield tag="041" ind1="0" ind2=" ">
    <subfield code="a">engfre</subfield>
  </datafield>
  <datafield tag="086" ind1=" " ind2=" ">
    <subfield code="a">J31-51/1987</subfield>
    <subfield code="2">ssdocs.</subfield>
  </datafield>
  <datafield tag="099" ind1=" " ind2=" ">
    <subfield code="a">KE 8809 .L347 1987</subfield>
  </datafield>
  <datafield tag="099" ind1=" " ind2=" ">
    <subfield code="a">CDP-HRC KE 8809 .L347 1987</subfield>
  </datafield>
  <datafield tag="110" ind1="2" ind2="0">
    <subfield code="a">Law Reform Commission of Canada.</subfield>
  </datafield>
  <datafield tag="245" ind1="1" ind2="0">
    <subfield code="a">Report on recodifying criminal law.</subfield>
  </datafield>
  <datafield tag="250" ind1=" " ind2=" ">
    <subfield code="a">Rev. and enl. ed.</subfield>
  </datafield>
  <datafield tag="260" ind1=" " ind2=" ">
    <subfield code="a">[Ottawa :</subfield>
    <subfield code="b">Law Reform Commission of Canada],</subfield>
    <subfield code="c">c1987.</subfield>
  </datafield>
  <datafield tag="300" ind1=" " ind2=" ">
    <subfield code="a">213, 233 p. ;</subfield>
    <subfield code="c">25 cm.</subfield>
  </datafield>
  <datafield tag="440" ind1=" " ind2="0">
    <subfield code="a">Report (Law Reform Commission of Canada) ;</subfield>
    <subfield code="v">31.</subfield>
  </datafield>
  <datafield tag="500" ind1=" " ind2=" ">
    <subfield code="a">Issued with French text inverted: Pour une nouvelle codification du droit pénal.</subfield>
  </datafield>
  <datafield tag="500" ind1=" " ind2=" ">
    <subfield code="a">Text in English and French.</subfield>
  </datafield>
  <datafield tag="504" ind1=" " ind2=" ">
    <subfield code="a">Includes bibliographies.</subfield>
  </datafield>
  <datafield tag="535" ind1=" " ind2=" ">
    <subfield code="a">The JCDP copy is a gift of Walter S. Tarnopolsky.</subfield>
  </datafield>
  <datafield tag="650" ind1=" " ind2="0">
    <subfield code="a">Criminal law</subfield>
    <subfield code="z">Canada</subfield>
    <subfield code="x">Codification.</subfield>
  </datafield>
  <datafield tag="650" ind1=" " ind2="0">
    <subfield code="a">Criminal law</subfield>
    <subfield code="z">Canada.</subfield>
  </datafield>
  <datafield tag="650" ind1=" " ind2="6">
    <subfield code="a">Droit pénal</subfield>
    <subfield code="z">Canada.</subfield>
  </datafield>
  <datafield tag="650" ind1=" " ind2="6">
    <subfield code="a">Droit pénal</subfield>
    <subfield code="z">Canada</subfield>
    <subfield code="x">Codification.</subfield>
  </datafield>
  <datafield tag="710" ind1="2" ind2="0">
    <subfield code="a">Commission de réforme du droit du Canada.</subfield>
  </datafield>
  <datafield tag="740" ind1="0" ind2="0">
    <subfield code="a">Pour une nouvelle codification du droit pénal.</subfield>
  </datafield>
  <datafield tag="740" ind1="0" ind2="1">
    <subfield code="a">Recodifying criminal law.</subfield>
  </datafield>
  <datafield tag="935" ind1=" " ind2=" ">
    <subfield code="a">D0829053</subfield>
  </datafield>
</record>
