<?xml version="1.0" encoding="UTF-8"?>
<record xmlns="http://www.loc.gov/MARC21/slim">
  <leader>02764cam a22006615a 4500</leader>
  <controlfield tag="001">ocm20260416 </controlfield>
  <controlfield tag="003">OCoLC</controlfield>
  <controlfield tag="005">20120905152232.0</controlfield>
  <controlfield tag="008">890602s1989    onc      b   f000 0 eng d</controlfield>
  <datafield tag="040" ind1=" " ind2=" ">
    <subfield code="a">CaOOP</subfield>
    <subfield code="b">eng</subfield>
    <subfield code="c">NLC</subfield>
    <subfield code="d">UIU</subfield>
    <subfield code="d">WAU</subfield>
    <subfield code="d">NLGGC</subfield>
    <subfield code="d">DRB</subfield>
    <subfield code="d">CUY</subfield>
    <subfield code="d">OCLCQ</subfield>
    <subfield code="d">KIJ</subfield>
  </datafield>
  <datafield tag="016" ind1=" " ind2=" ">
    <subfield code="a">890716323E</subfield>
  </datafield>
  <datafield tag="019" ind1=" " ind2=" ">
    <subfield code="a">20009121</subfield>
    <subfield code="a">21965516</subfield>
  </datafield>
  <datafield tag="020" ind1=" " ind2=" ">
    <subfield code="a">0662564995</subfield>
  </datafield>
  <datafield tag="020" ind1=" " ind2=" ">
    <subfield code="a">9780662564997</subfield>
  </datafield>
  <datafield tag="035" ind1=" " ind2=" ">
    <subfield code="a">(OCoLC)20260416</subfield>
    <subfield code="z">(OCoLC)20009121</subfield>
    <subfield code="z">(OCoLC)21965516</subfield>
  </datafield>
  <datafield tag="041" ind1="0" ind2=" ">
    <subfield code="a">engfre</subfield>
  </datafield>
  <datafield tag="043" ind1=" " ind2=" ">
    <subfield code="a">n-cn---</subfield>
  </datafield>
  <datafield tag="050" ind1=" " ind2="4">
    <subfield code="a">KE9365</subfield>
    <subfield code="b">.L28 1989</subfield>
  </datafield>
  <datafield tag="055" ind1=" " ind2="0">
    <subfield code="a">COP.CA.2.1989-1450</subfield>
  </datafield>
  <datafield tag="082" ind1="0" ind2="4">
    <subfield code="a">345.71/01</subfield>
    <subfield code="2">19</subfield>
  </datafield>
  <datafield tag="086" ind1="1" ind2=" ">
    <subfield code="a">DSS Cat. no. J32-1/59-1989</subfield>
  </datafield>
  <datafield tag="110" ind1="2" ind2=" ">
    <subfield code="a">Law Reform Commission of Canada.</subfield>
  </datafield>
  <datafield tag="245" ind1="1" ind2="0">
    <subfield code="a">Toward a unified criminal court /</subfield>
    <subfield code="c">Law Reform Commission of Canada.</subfield>
  </datafield>
  <datafield tag="260" ind1=" " ind2=" ">
    <subfield code="a">Ottawa :</subfield>
    <subfield code="b">The Commission,</subfield>
    <subfield code="c">1989.</subfield>
  </datafield>
  <datafield tag="300" ind1=" " ind2=" ">
    <subfield code="a">xiii, 72, 83, xiii p. ;</subfield>
    <subfield code="c">25 cm.</subfield>
  </datafield>
  <datafield tag="490" ind1="1" ind2=" ">
    <subfield code="a">Criminal law,</subfield>
    <subfield code="x">0821-1345</subfield>
  </datafield>
  <datafield tag="490" ind1="1" ind2=" ">
    <subfield code="a">Working paper ;</subfield>
    <subfield code="v">59</subfield>
  </datafield>
  <datafield tag="500" ind1=" " ind2=" ">
    <subfield code="a">Text in English and French with French text on inverted pages.</subfield>
  </datafield>
  <datafield tag="500" ind1=" " ind2=" ">
    <subfield code="a">Title on added t.p.: Pour une cour criminelle unifiée.</subfield>
  </datafield>
  <datafield tag="504" ind1=" " ind2=" ">
    <subfield code="a">Includes bibliographical references.</subfield>
  </datafield>
  <datafield tag="546" ind1=" " ind2=" ">
    <subfield code="a">Text in English and French.</subfield>
  </datafield>
  <datafield tag="650" ind1=" " ind2="0">
    <subfield code="a">Criminal courts</subfield>
    <subfield code="z">Canada.</subfield>
  </datafield>
  <datafield tag="650" ind1=" " ind2="0">
    <subfield code="a">Criminal courts</subfield>
    <subfield code="z">Canada</subfield>
    <subfield code="x">Provinces.</subfield>
  </datafield>
  <datafield tag="650" ind1="1" ind2="7">
    <subfield code="a">Strafrechtspraak.</subfield>
    <subfield code="2">gtt</subfield>
  </datafield>
  <datafield tag="650" ind1="1" ind2="7">
    <subfield code="a">Rechtshervorming.</subfield>
    <subfield code="2">gtt</subfield>
  </datafield>
  <datafield tag="740" ind1="0" ind2="1">
    <subfield code="a">Pour une cour criminelle unifiée.</subfield>
  </datafield>
  <datafield tag="830" ind1=" " ind2="0">
    <subfield code="a">Criminal law.</subfield>
    <subfield code="x">0821-1345</subfield>
  </datafield>
  <datafield tag="830" ind1=" " ind2="0">
    <subfield code="a">Working paper (Law Reform Commission of Canada) ;</subfield>
    <subfield code="v">59.</subfield>
  </datafield>
  <datafield tag="952" ind1=" " ind2=" ">
    <subfield code="a">20260416</subfield>
    <subfield code="z">NLC</subfield>
    <subfield code="b">LIBRARY AND ARCHIVES CANADA</subfield>
    <subfield code="h">Partial</subfield>
    <subfield code="i">LCC</subfield>
    <subfield code="k">DDC</subfield>
    <subfield code="u">20110519</subfield>
  </datafield>
  <datafield tag="952" ind1=" " ind2=" ">
    <subfield code="a">124362998</subfield>
    <subfield code="z">BOP</subfield>
    <subfield code="b">BOSTON UNIV, PAPPAS LAW LIBR</subfield>
    <subfield code="h">Full</subfield>
    <subfield code="u">20100804</subfield>
  </datafield>
  <datafield tag="952" ind1=" " ind2=" ">
    <subfield code="a">125205179</subfield>
    <subfield code="z">LXL</subfield>
    <subfield code="b">LOS ANGELES CNTY LAW LIBR</subfield>
    <subfield code="h">Full</subfield>
    <subfield code="u">20100701</subfield>
  </datafield>
  <datafield tag="952" ind1=" " ind2=" ">
    <subfield code="a">147557699</subfield>
    <subfield code="z">CASWL</subfield>
    <subfield code="b">SOUTHWESTERN LAW SCH</subfield>
    <subfield code="h">Full</subfield>
    <subfield code="u">20100706</subfield>
  </datafield>
  <datafield tag="952" ind1=" " ind2=" ">
    <subfield code="a">155876939</subfield>
    <subfield code="z">TULAW</subfield>
    <subfield code="b">TEMPLE UNV</subfield>
    <subfield code="h">Full</subfield>
    <subfield code="u">20100721</subfield>
  </datafield>
  <datafield tag="952" ind1=" " ind2=" ">
    <subfield code="a">173566397</subfield>
    <subfield code="z">ZZX</subfield>
    <subfield code="b">UNIV OF SOUTHERN CALIF, CALL LAW LIBR</subfield>
    <subfield code="h">Full</subfield>
    <subfield code="u">20100714</subfield>
  </datafield>
  <datafield tag="952" ind1=" " ind2=" ">
    <subfield code="a">183472197</subfield>
    <subfield code="z">GXR</subfield>
    <subfield code="b">YALE UNIV, LAW SCH LIBR</subfield>
    <subfield code="h">Full</subfield>
    <subfield code="u">20100727</subfield>
  </datafield>
  <datafield tag="952" ind1=" " ind2=" ">
    <subfield code="a">212535283</subfield>
    <subfield code="z">COO</subfield>
    <subfield code="b">CORNELL UNIV</subfield>
    <subfield code="h">Full</subfield>
    <subfield code="u">20100712</subfield>
  </datafield>
  <datafield tag="952" ind1=" " ind2=" ">
    <subfield code="a">239759842</subfield>
    <subfield code="z">HVL</subfield>
    <subfield code="b">HARVARD UNIV, LAW SCH, LIBR</subfield>
    <subfield code="h">Full batch</subfield>
    <subfield code="i">LCC</subfield>
    <subfield code="u">20100725</subfield>
  </datafield>
  <datafield tag="952" ind1=" " ind2=" ">
    <subfield code="a">273952793</subfield>
    <subfield code="z">RCJ</subfield>
    <subfield code="b">STANFORD UNIV, ROBERT CROWN LAW LIBR</subfield>
    <subfield code="h">Full</subfield>
    <subfield code="i">LCC</subfield>
    <subfield code="u">20100708</subfield>
  </datafield>
  <datafield tag="952" ind1=" " ind2=" ">
    <subfield code="a">292767829</subfield>
    <subfield code="z">LUI</subfield>
    <subfield code="b">UNIV OF IOWA, LAW LIBR</subfield>
    <subfield code="h">Full</subfield>
    <subfield code="u">20100716</subfield>
  </datafield>
  <datafield tag="952" ind1=" " ind2=" ">
    <subfield code="a">427304585</subfield>
    <subfield code="z">EMI</subfield>
    <subfield code="b">UNIV OF MICHIGAN, LAW LIBR</subfield>
    <subfield code="h">Full</subfield>
    <subfield code="i">LCC</subfield>
    <subfield code="u">20100802</subfield>
  </datafield>
  <datafield tag="952" ind1=" " ind2=" ">
    <subfield code="a">682801852</subfield>
    <subfield code="z">YUS</subfield>
    <subfield code="b">YALE UNIV LIBR</subfield>
    <subfield code="h">Partial</subfield>
    <subfield code="i">LCC</subfield>
    <subfield code="k">DDC</subfield>
    <subfield code="u">20101122</subfield>
  </datafield>
  <datafield tag="952" ind1=" " ind2=" ">
    <subfield code="a">737711776</subfield>
    <subfield code="z">CUY</subfield>
    <subfield code="b">UNIV OF CALIFORNIA, BERKELEY</subfield>
    <subfield code="h">Full</subfield>
    <subfield code="u">20110704</subfield>
  </datafield>
  <datafield tag="029" ind1="0" ind2=" ">
    <subfield code="a">NLC</subfield>
    <subfield code="b">890716323E</subfield>
  </datafield>
  <datafield tag="029" ind1="1" ind2=" ">
    <subfield code="a">NLGGC</subfield>
    <subfield code="b">084109645</subfield>
  </datafield>
  <datafield tag="029" ind1="1" ind2=" ">
    <subfield code="a">NZ1</subfield>
    <subfield code="b">3599462</subfield>
  </datafield>
  <datafield tag="029" ind1="1" ind2=" ">
    <subfield code="a">AU@</subfield>
    <subfield code="b">000006623446</subfield>
  </datafield>
  <datafield tag="994" ind1=" " ind2=" ">
    <subfield code="a">Z0</subfield>
    <subfield code="b">PMR</subfield>
  </datafield>
  <datafield tag="948" ind1=" " ind2=" ">
    <subfield code="h">NO HOLDINGS IN PMR - 150 OTHER HOLDINGS</subfield>
  </datafield>
</record>
