<?xml version="1.0" encoding="UTF-8"?>
<record xmlns="http://www.loc.gov/MARC21/slim">
  <leader>01224nam a22003370  4500</leader>
  <controlfield tag="008">851115 1984    onc      b          eng  </controlfield>
  <datafield tag="010" ind1=" " ind2=" ">
    <subfield code="a">84181863</subfield>
  </datafield>
  <datafield tag="020" ind1=" " ind2=" ">
    <subfield code="a">0662528956 (pbk.)</subfield>
  </datafield>
  <datafield tag="040" ind1=" " ind2=" ">
    <subfield code="a">OOU</subfield>
    <subfield code="b">fre</subfield>
  </datafield>
  <datafield tag="041" ind1="0" ind2=" ">
    <subfield code="a">engfre</subfield>
  </datafield>
  <datafield tag="099" ind1=" " ind2=" ">
    <subfield code="a">KE 8958 .A72 L353 1984</subfield>
  </datafield>
  <datafield tag="110" ind1="2" ind2=" ">
    <subfield code="a">Law Reform Commission of Canada.</subfield>
  </datafield>
  <datafield tag="245" ind1="1" ind2="0">
    <subfield code="a">Damage to property :</subfield>
    <subfield code="b">vandalism.</subfield>
  </datafield>
  <datafield tag="260" ind1=" " ind2=" ">
    <subfield code="a">Ottawa :</subfield>
    <subfield code="b">Law Reform Commission of Canada,</subfield>
    <subfield code="c">1984.</subfield>
  </datafield>
  <datafield tag="300" ind1=" " ind2=" ">
    <subfield code="a">65, 77 p. ;</subfield>
    <subfield code="c">25 cm.</subfield>
  </datafield>
  <datafield tag="490" ind1="1" ind2=" ">
    <subfield code="a">Working paper ;</subfield>
    <subfield code="v">31.</subfield>
  </datafield>
  <datafield tag="490" ind1="1" ind2=" ">
    <subfield code="a">Document de travail ;</subfield>
    <subfield code="v">31.</subfield>
  </datafield>
  <datafield tag="500" ind1=" " ind2=" ">
    <subfield code="a">Spine titles: Vandalism ; Le vandalisme.</subfield>
  </datafield>
  <datafield tag="500" ind1=" " ind2=" ">
    <subfield code="a">Issued with French text inverted: Les dommages aux biens: le vandalisme.</subfield>
  </datafield>
  <datafield tag="504" ind1=" " ind2=" ">
    <subfield code="a">Includes bibliographies.</subfield>
  </datafield>
  <datafield tag="650" ind1=" " ind2="0">
    <subfield code="a">Vandalism</subfield>
    <subfield code="z">Canada.</subfield>
  </datafield>
  <datafield tag="650" ind1=" " ind2="0">
    <subfield code="a">Offenses against property</subfield>
    <subfield code="z">Canada.</subfield>
  </datafield>
  <datafield tag="650" ind1=" " ind2="6">
    <subfield code="a">Vandalisme</subfield>
    <subfield code="z">Canada.</subfield>
  </datafield>
  <datafield tag="650" ind1=" " ind2="6">
    <subfield code="a">Infractions contre la propriété</subfield>
    <subfield code="z">Canada.</subfield>
  </datafield>
  <datafield tag="710" ind1="2" ind2="0">
    <subfield code="a">Commission de réforme du droit du Canada.</subfield>
  </datafield>
  <datafield tag="740" ind1="0" ind2="1">
    <subfield code="a">Dommages aux biens: le vandalisme.</subfield>
  </datafield>
  <datafield tag="740" ind1="0" ind2="1">
    <subfield code="a">Vandalism.</subfield>
  </datafield>
  <datafield tag="740" ind1="3" ind2="1">
    <subfield code="a">Le vandalisme.</subfield>
  </datafield>
  <datafield tag="830" ind1=" " ind2="0">
    <subfield code="a">Working paper (Law Reform Commission of Canada) ;</subfield>
    <subfield code="v">31.</subfield>
  </datafield>
  <datafield tag="830" ind1=" " ind2="0">
    <subfield code="a">Document de travail (Commission de réforme du droit du Canada) ;</subfield>
    <subfield code="v">31.</subfield>
  </datafield>
  <datafield tag="935" ind1=" " ind2=" ">
    <subfield code="a">D0767359</subfield>
  </datafield>
</record>
