<?xml version="1.0" encoding="UTF-8"?>
<record xmlns="http://www.loc.gov/MARC21/slim">
  <leader>00987nam a22002650i 4500</leader>
  <controlfield tag="008">920221s1974    onc         bf   |  eng d</controlfield>
  <datafield tag="010" ind1=" " ind2=" ">
    <subfield code="a">75311500 //r84</subfield>
  </datafield>
  <datafield tag="035" ind1=" " ind2=" ">
    <subfield code="a">207187560.C..</subfield>
  </datafield>
  <datafield tag="040" ind1=" " ind2=" ">
    <subfield code="a">OOU</subfield>
    <subfield code="b">eng</subfield>
  </datafield>
  <datafield tag="050" ind1="0" ind2="0">
    <subfield code="a">LAW</subfield>
  </datafield>
  <datafield tag="050" ind1="0" ind2="0">
    <subfield code="a">LAW</subfield>
  </datafield>
  <datafield tag="082" ind1=" " ind2=" ">
    <subfield code="a">345/.71/072</subfield>
  </datafield>
  <datafield tag="099" ind1=" " ind2=" ">
    <subfield code="a">KE 429 .A73D5 1974</subfield>
  </datafield>
  <datafield tag="110" ind1="2" ind2=" ">
    <subfield code="a">Law Reform Commission of Canada.</subfield>
  </datafield>
  <datafield tag="245" ind1="1" ind2="0">
    <subfield code="a">Discovery in criminal cases /</subfield>
    <subfield code="c">law Reform Commission of Canada. --</subfield>
  </datafield>
  <datafield tag="260" ind1=" " ind2=" ">
    <subfield code="a">Ottawa :</subfield>
    <subfield code="b">The Commission,</subfield>
    <subfield code="c">1974.</subfield>
  </datafield>
  <datafield tag="300" ind1=" " ind2=" ">
    <subfield code="a">viii, 217, 44 p. ;</subfield>
    <subfield code="c">25 cm. --</subfield>
  </datafield>
  <datafield tag="490" ind1="1" ind2=" ">
    <subfield code="a">Study report - Law Reform Commission of Canada.</subfield>
  </datafield>
  <datafield tag="500" ind1=" " ind2=" ">
    <subfield code="a">Includes a Commission working paper entitled: Criminal procedure discovery.</subfield>
  </datafield>
  <datafield tag="504" ind1=" " ind2=" ">
    <subfield code="a">Bibliography: p. 187-198.</subfield>
  </datafield>
  <datafield tag="650" ind1=" " ind2="0">
    <subfield code="a">Discovery (Law)</subfield>
    <subfield code="z">Canada.</subfield>
  </datafield>
  <datafield tag="650" ind1=" " ind2="0">
    <subfield code="a">Criminal procedure</subfield>
    <subfield code="z">Canada.</subfield>
  </datafield>
  <datafield tag="710" ind1="2" ind2="2">
    <subfield code="a">Law Reform Commission of Canada.</subfield>
    <subfield code="t">Criminal procedure discovery. 1974.</subfield>
  </datafield>
  <datafield tag="810" ind1="2" ind2=" ">
    <subfield code="a">Law Reform Commission of Canada.</subfield>
    <subfield code="t">Study report - Law Reform Commission of Canada.</subfield>
  </datafield>
  <datafield tag="935" ind1=" " ind2=" ">
    <subfield code="a">D0646152</subfield>
  </datafield>
</record>
