<?xml version="1.0" encoding="UTF-8"?>
<record xmlns="http://www.loc.gov/MARC21/slim">
  <leader>00966nam a22002770  4500</leader>
  <controlfield tag="008">861009 1986    onc                 eng  </controlfield>
  <datafield tag="020" ind1=" " ind2=" ">
    <subfield code="a">0662538862</subfield>
  </datafield>
  <datafield tag="040" ind1=" " ind2=" ">
    <subfield code="a">OOU</subfield>
    <subfield code="b">fre</subfield>
  </datafield>
  <datafield tag="041" ind1="0" ind2=" ">
    <subfield code="a">engfre</subfield>
  </datafield>
  <datafield tag="086" ind1=" " ind2=" ">
    <subfield code="a">J32-1/47-1986</subfield>
    <subfield code="2">ssdocs.</subfield>
  </datafield>
  <datafield tag="099" ind1=" " ind2=" ">
    <subfield code="a">KE 9328 .A73 L38 1986</subfield>
  </datafield>
  <datafield tag="110" ind1="2" ind2=" ">
    <subfield code="a">Law Reform Commission of Canada.</subfield>
  </datafield>
  <datafield tag="245" ind1="1" ind2="0">
    <subfield code="a">Electronic surveillance.</subfield>
  </datafield>
  <datafield tag="246" ind1="1" ind2="5">
    <subfield code="a">Surveillance électronique.</subfield>
  </datafield>
  <datafield tag="260" ind1=" " ind2=" ">
    <subfield code="a">Ottawa :</subfield>
    <subfield code="b">The Commission,</subfield>
    <subfield code="c">1986.</subfield>
  </datafield>
  <datafield tag="300" ind1=" " ind2=" ">
    <subfield code="a">109, 121 p. ;</subfield>
    <subfield code="c">25 cm.</subfield>
  </datafield>
  <datafield tag="490" ind1="1" ind2=" ">
    <subfield code="a">Working paper ;</subfield>
    <subfield code="v">47.</subfield>
  </datafield>
  <datafield tag="490" ind1="1" ind2=" ">
    <subfield code="a">Document de travail ;</subfield>
    <subfield code="v">47.</subfield>
  </datafield>
  <datafield tag="500" ind1=" " ind2=" ">
    <subfield code="a">&quot;Criminal law.&quot;</subfield>
  </datafield>
  <datafield tag="500" ind1=" " ind2=" ">
    <subfield code="a">Issued with French text inverted: La surveillance électronique.</subfield>
  </datafield>
  <datafield tag="650" ind1=" " ind2="0">
    <subfield code="a">Eavesdropping</subfield>
    <subfield code="z">Canada.</subfield>
  </datafield>
  <datafield tag="650" ind1=" " ind2="6">
    <subfield code="a">Écoute électronique</subfield>
    <subfield code="z">Canada.</subfield>
  </datafield>
  <datafield tag="710" ind1="2" ind2=" ">
    <subfield code="a">Commission de réforme du droit du Canada.</subfield>
  </datafield>
  <datafield tag="830" ind1=" " ind2="0">
    <subfield code="a">Working paper (Law Reform Commission of Canada)</subfield>
  </datafield>
  <datafield tag="830" ind1=" " ind2="0">
    <subfield code="a">Document de travail (Commission de réforme du droit du Canada) ;</subfield>
    <subfield code="v">47.</subfield>
  </datafield>
  <datafield tag="935" ind1=" " ind2=" ">
    <subfield code="a">D0784070</subfield>
  </datafield>
</record>
