<?xml version="1.0" encoding="UTF-8"?>
<record xmlns="http://www.loc.gov/MARC21/slim">
  <leader>00885nas a22002170  4500</leader>
  <controlfield tag="008">840410c19729999oncuu              0eng  </controlfield>
  <datafield tag="040" ind1=" " ind2=" ">
    <subfield code="a">OOU</subfield>
    <subfield code="b">ENG</subfield>
  </datafield>
  <datafield tag="041" ind1="0" ind2=" ">
    <subfield code="a">engfre</subfield>
  </datafield>
  <datafield tag="099" ind1=" " ind2=" ">
    <subfield code="a">KE 429 .A73 C342</subfield>
  </datafield>
  <datafield tag="110" ind1="2" ind2="0">
    <subfield code="a">Law Reform Commission of Canada.</subfield>
  </datafield>
  <datafield tag="245" ind1="1" ind2="0">
    <subfield code="a">Evidence :</subfield>
    <subfield code="b">study papers /</subfield>
    <subfield code="c">prepared by the Law of Evidence Project.</subfield>
  </datafield>
  <datafield tag="246" ind1="1" ind2="1">
    <subfield code="a">Preuve : documents preliminaires de la section de recherche sur le droit de la preuve.</subfield>
  </datafield>
  <datafield tag="260" ind1="1" ind2="0">
    <subfield code="a">Ottawa :</subfield>
    <subfield code="b">The Commission,</subfield>
    <subfield code="c">1972-1975.</subfield>
  </datafield>
  <datafield tag="295" ind1="1" ind2="0">
    <subfield code="a">Evidence :</subfield>
    <subfield code="b">study papers /</subfield>
    <subfield code="c">prepared by the Law of Evidence Project.</subfield>
  </datafield>
  <datafield tag="296" ind1="1" ind2="1">
    <subfield code="a">Preuve : documents preliminaires de la section de recherche sur le droit de la preuve.</subfield>
  </datafield>
  <datafield tag="300" ind1=" " ind2=" ">
    <subfield code="a">12 no. ;</subfield>
    <subfield code="c">28 cm.</subfield>
  </datafield>
  <datafield tag="362" ind1="0" ind2=" ">
    <subfield code="a">No. 1-4 (Aug. 1972)-No.12, 1975.</subfield>
  </datafield>
  <datafield tag="650" ind1="1" ind2="0">
    <subfield code="a">Evidence (Law)</subfield>
    <subfield code="z">Canada.</subfield>
  </datafield>
  <datafield tag="650" ind1="2" ind2="6">
    <subfield code="a">Preuve (Droit)</subfield>
    <subfield code="z">Canada.</subfield>
  </datafield>
  <datafield tag="710" ind1="2" ind2="0">
    <subfield code="a">Commission de réforme du droit du Canada.</subfield>
  </datafield>
  <datafield tag="935" ind1=" " ind2=" ">
    <subfield code="a">D0038471</subfield>
  </datafield>
</record>
