<?xml version="1.0" encoding="UTF-8"?>
<record xmlns="http://www.loc.gov/MARC21/slim">
  <leader>01265nam a2200337 u 4500</leader>
  <controlfield tag="008">950520 1972    onc           0     eng  </controlfield>
  <datafield tag="040" ind1=" " ind2=" ">
    <subfield code="a">OOU</subfield>
    <subfield code="b">eng</subfield>
  </datafield>
  <datafield tag="041" ind1="0" ind2=" ">
    <subfield code="a">engfre</subfield>
  </datafield>
  <datafield tag="099" ind1=" " ind2=" ">
    <subfield code="a">KE 430 .Z85 L39 1972</subfield>
  </datafield>
  <datafield tag="110" ind1="2" ind2=" ">
    <subfield code="a">Law Reform Commission of Canada.</subfield>
  </datafield>
  <datafield tag="245" ind1="1" ind2="0">
    <subfield code="a">First research program of the Law Reform Commission of Canada.</subfield>
  </datafield>
  <datafield tag="246" ind1="1" ind2="5">
    <subfield code="a">Premier programme de recherches de la Commission de réforme du droit du Canada.</subfield>
  </datafield>
  <datafield tag="246" ind1="1" ind2="4">
    <subfield code="a">Research program 1.</subfield>
  </datafield>
  <datafield tag="246" ind1="1" ind2="4">
    <subfield code="a">Programme de recherches 1.</subfield>
  </datafield>
  <datafield tag="260" ind1=" " ind2=" ">
    <subfield code="a">[Ottawa? :</subfield>
    <subfield code="b">Law Reform Commission of Canada?],</subfield>
    <subfield code="c">1972.</subfield>
  </datafield>
  <datafield tag="300" ind1=" " ind2=" ">
    <subfield code="a">21, 21 p. ;</subfield>
    <subfield code="c">28 cm.</subfield>
  </datafield>
  <datafield tag="500" ind1=" " ind2=" ">
    <subfield code="a">Submitted to the Canadian Minister of Justice.</subfield>
  </datafield>
  <datafield tag="500" ind1=" " ind2=" ">
    <subfield code="a">&quot;March 1972&quot;.</subfield>
  </datafield>
  <datafield tag="546" ind1=" " ind2=" ">
    <subfield code="a">English and French.</subfield>
  </datafield>
  <datafield tag="610" ind1="2" ind2="0">
    <subfield code="a">Law Reform Commission of Canada.</subfield>
  </datafield>
  <datafield tag="610" ind1="2" ind2="6">
    <subfield code="a">Commission de réforme du droit du Canada.</subfield>
  </datafield>
  <datafield tag="650" ind1=" " ind2="0">
    <subfield code="a">Legal research</subfield>
    <subfield code="z">Canada.</subfield>
  </datafield>
  <datafield tag="650" ind1=" " ind2="0">
    <subfield code="a">Law reform</subfield>
    <subfield code="z">Canada.</subfield>
  </datafield>
  <datafield tag="650" ind1=" " ind2="0">
    <subfield code="a">Law</subfield>
    <subfield code="x">Study and teaching</subfield>
    <subfield code="z">Canada.</subfield>
  </datafield>
  <datafield tag="650" ind1=" " ind2="6">
    <subfield code="a">Droit</subfield>
    <subfield code="x">Réforme</subfield>
    <subfield code="z">Canada.</subfield>
  </datafield>
  <datafield tag="650" ind1=" " ind2="6">
    <subfield code="a">Droit</subfield>
    <subfield code="x">Étude et enseignement</subfield>
    <subfield code="z">Canada.</subfield>
  </datafield>
  <datafield tag="650" ind1=" " ind2="6">
    <subfield code="a">Droit</subfield>
    <subfield code="x">Recherche documentaire</subfield>
    <subfield code="z">Canada.</subfield>
  </datafield>
  <datafield tag="710" ind1="2" ind2=" ">
    <subfield code="a">Canada.</subfield>
    <subfield code="b">Dept. of Justice.</subfield>
  </datafield>
  <datafield tag="710" ind1="2" ind2=" ">
    <subfield code="a">Commission de réforme du droit du Canada.</subfield>
  </datafield>
  <datafield tag="710" ind1="1" ind2=" ">
    <subfield code="a">Canada.</subfield>
    <subfield code="b">Ministère de la justice.</subfield>
  </datafield>
  <datafield tag="935" ind1=" " ind2=" ">
    <subfield code="a">D1682402</subfield>
  </datafield>
</record>
