<?xml version="1.0" encoding="UTF-8"?>
<record xmlns="http://www.loc.gov/MARC21/slim">
  <leader>03232cam a2200793 a 4500</leader>
  <controlfield tag="001">ocm24546897 </controlfield>
  <controlfield tag="003">OCoLC</controlfield>
  <controlfield tag="005">20120905145903.0</controlfield>
  <controlfield tag="008">910621s1991    onc      b   f000 0 eng  </controlfield>
  <datafield tag="010" ind1=" " ind2=" ">
    <subfield code="a">   91164694 </subfield>
  </datafield>
  <datafield tag="040" ind1=" " ind2=" ">
    <subfield code="a">DLC</subfield>
    <subfield code="c">DLC</subfield>
    <subfield code="d">NLC</subfield>
    <subfield code="d">NLGGC</subfield>
    <subfield code="d">BTCTA</subfield>
    <subfield code="d">TOH</subfield>
    <subfield code="d">CNCGM</subfield>
    <subfield code="d">KIJ</subfield>
  </datafield>
  <datafield tag="016" ind1=" " ind2=" ">
    <subfield code="a">910985340E</subfield>
  </datafield>
  <datafield tag="019" ind1=" " ind2=" ">
    <subfield code="a">23213199</subfield>
    <subfield code="a">317558641</subfield>
  </datafield>
  <datafield tag="020" ind1=" " ind2=" ">
    <subfield code="a">0662580559</subfield>
  </datafield>
  <datafield tag="020" ind1=" " ind2=" ">
    <subfield code="a">9780662580553</subfield>
  </datafield>
  <datafield tag="035" ind1=" " ind2=" ">
    <subfield code="a">(OCoLC)24546897</subfield>
    <subfield code="z">(OCoLC)23213199</subfield>
    <subfield code="z">(OCoLC)317558641</subfield>
  </datafield>
  <datafield tag="041" ind1="0" ind2=" ">
    <subfield code="a">engfre</subfield>
  </datafield>
  <datafield tag="043" ind1=" " ind2=" ">
    <subfield code="a">n-cn---</subfield>
  </datafield>
  <datafield tag="050" ind1="0" ind2="0">
    <subfield code="a">KE3663.G45</subfield>
    <subfield code="b">A75 1991</subfield>
  </datafield>
  <datafield tag="055" ind1="0" ind2="0">
    <subfield code="a">COP.CA.2.1991-1003</subfield>
  </datafield>
  <datafield tag="082" ind1="0" ind2="0">
    <subfield code="a">344.71/04196</subfield>
    <subfield code="a">347.1044196</subfield>
    <subfield code="2">20</subfield>
  </datafield>
  <datafield tag="084" ind1=" " ind2=" ">
    <subfield code="a">44.48</subfield>
    <subfield code="2">bcl</subfield>
  </datafield>
  <datafield tag="084" ind1=" " ind2=" ">
    <subfield code="a">86.66</subfield>
    <subfield code="2">bcl</subfield>
  </datafield>
  <datafield tag="084" ind1=" " ind2=" ">
    <subfield code="a">08.38</subfield>
    <subfield code="2">bcl</subfield>
  </datafield>
  <datafield tag="086" ind1="1" ind2=" ">
    <subfield code="a">DSS Cat. no. J32-3/44</subfield>
  </datafield>
  <datafield tag="086" ind1="1" ind2="4">
    <subfield code="a">J32-3/44</subfield>
  </datafield>
  <datafield tag="100" ind1="1" ind2=" ">
    <subfield code="a">Knoppers, Bartha Maria.</subfield>
  </datafield>
  <datafield tag="245" ind1="1" ind2="0">
    <subfield code="a">Human dignity and genetic heritage :</subfield>
    <subfield code="b">a study paper prepared for the Law Reform Commission of Canada /</subfield>
    <subfield code="c">by Bartha Maria Knoppers.</subfield>
  </datafield>
  <datafield tag="260" ind1=" " ind2=" ">
    <subfield code="a">Ottawa, Canada :</subfield>
    <subfield code="b">The Commission,</subfield>
    <subfield code="c">c1991.</subfield>
  </datafield>
  <datafield tag="300" ind1=" " ind2=" ">
    <subfield code="a">93, 103 p. ;</subfield>
    <subfield code="c">25 cm.</subfield>
  </datafield>
  <datafield tag="490" ind1="1" ind2=" ">
    <subfield code="a">Protection of life series</subfield>
  </datafield>
  <datafield tag="490" ind1="1" ind2=" ">
    <subfield code="a">Study paper</subfield>
  </datafield>
  <datafield tag="500" ind1=" " ind2=" ">
    <subfield code="a">English and French.</subfield>
  </datafield>
  <datafield tag="500" ind1=" " ind2=" ">
    <subfield code="a">Title on added t.p.: Dignité humaine et patrimoine génétique.</subfield>
  </datafield>
  <datafield tag="504" ind1=" " ind2=" ">
    <subfield code="a">Includes bibliographical references (p. 89-93).</subfield>
  </datafield>
  <datafield tag="546" ind1=" " ind2=" ">
    <subfield code="a">Text in English and French with French text on inverted pages.</subfield>
  </datafield>
  <datafield tag="650" ind1=" " ind2="0">
    <subfield code="a">Medical genetics</subfield>
    <subfield code="x">Law and legislation</subfield>
    <subfield code="z">Canada.</subfield>
  </datafield>
  <datafield tag="650" ind1=" " ind2="0">
    <subfield code="a">Genetic engineering</subfield>
    <subfield code="x">Law and legislation</subfield>
    <subfield code="z">Canada.</subfield>
  </datafield>
  <datafield tag="650" ind1=" " ind2="0">
    <subfield code="a">Human genetics</subfield>
    <subfield code="x">Moral and ethical aspects.</subfield>
  </datafield>
  <datafield tag="650" ind1="1" ind2="7">
    <subfield code="a">Genetica.</subfield>
    <subfield code="2">gtt</subfield>
  </datafield>
  <datafield tag="650" ind1="1" ind2="7">
    <subfield code="a">Ethische aspecten.</subfield>
    <subfield code="2">gtt</subfield>
  </datafield>
  <datafield tag="650" ind1="1" ind2="7">
    <subfield code="a">Juridische aspecten.</subfield>
    <subfield code="2">gtt</subfield>
  </datafield>
  <datafield tag="650" ind1="1" ind2="7">
    <subfield code="a">Medische ethiek.</subfield>
    <subfield code="2">gtt</subfield>
  </datafield>
  <datafield tag="650" ind1="1" ind2="7">
    <subfield code="a">Gezondheidsrecht.</subfield>
    <subfield code="2">gtt</subfield>
  </datafield>
  <datafield tag="710" ind1="2" ind2=" ">
    <subfield code="a">Law Reform Commission of Canada.</subfield>
  </datafield>
  <datafield tag="740" ind1="0" ind2="1">
    <subfield code="a">Dignité humaine et patrimoine génétique.</subfield>
  </datafield>
  <datafield tag="830" ind1=" " ind2="0">
    <subfield code="a">Protection of life series.</subfield>
  </datafield>
  <datafield tag="830" ind1=" " ind2="0">
    <subfield code="a">Study paper (Law Reform Commission of Canada)</subfield>
  </datafield>
  <datafield tag="938" ind1=" " ind2=" ">
    <subfield code="a">Baker and Taylor</subfield>
    <subfield code="b">BTCP</subfield>
    <subfield code="n">91164694</subfield>
  </datafield>
  <datafield tag="952" ind1=" " ind2=" ">
    <subfield code="a">24546897</subfield>
    <subfield code="z">DLC</subfield>
    <subfield code="b">LIBRARY OF CONGRESS</subfield>
    <subfield code="h">Full</subfield>
    <subfield code="i">LCC</subfield>
    <subfield code="k">DDC</subfield>
    <subfield code="u">20110519</subfield>
  </datafield>
  <datafield tag="952" ind1=" " ind2=" ">
    <subfield code="a">125282394</subfield>
    <subfield code="z">LXL</subfield>
    <subfield code="b">LOS ANGELES CNTY LAW LIBR</subfield>
    <subfield code="h">Full</subfield>
    <subfield code="k">DDC</subfield>
    <subfield code="u">20100702</subfield>
  </datafield>
  <datafield tag="952" ind1=" " ind2=" ">
    <subfield code="a">133085551</subfield>
    <subfield code="z">BOL</subfield>
    <subfield code="b">UNIV OF CALIFORNIA BERKELEY LAW LIBR</subfield>
    <subfield code="h">Full</subfield>
    <subfield code="u">20100714</subfield>
  </datafield>
  <datafield tag="952" ind1=" " ind2=" ">
    <subfield code="a">155876954</subfield>
    <subfield code="z">TULAW</subfield>
    <subfield code="b">TEMPLE UNV</subfield>
    <subfield code="h">Full</subfield>
    <subfield code="i">LCC</subfield>
    <subfield code="k">DDC</subfield>
    <subfield code="u">20100625</subfield>
  </datafield>
  <datafield tag="952" ind1=" " ind2=" ">
    <subfield code="a">183487734</subfield>
    <subfield code="z">GXR</subfield>
    <subfield code="b">YALE UNIV, LAW SCH LIBR</subfield>
    <subfield code="h">Full</subfield>
    <subfield code="i">LCC</subfield>
    <subfield code="u">20100719</subfield>
  </datafield>
  <datafield tag="952" ind1=" " ind2=" ">
    <subfield code="a">238462562</subfield>
    <subfield code="z">HVL</subfield>
    <subfield code="b">HARVARD UNIV, LAW SCH, LIBR</subfield>
    <subfield code="h">Full batch</subfield>
    <subfield code="i">LCC</subfield>
    <subfield code="k">DDC</subfield>
    <subfield code="u">20100802</subfield>
  </datafield>
  <datafield tag="952" ind1=" " ind2=" ">
    <subfield code="a">274484251</subfield>
    <subfield code="z">STF</subfield>
    <subfield code="b">STANFORD UNIV LIBR</subfield>
    <subfield code="h">Full</subfield>
    <subfield code="i">LCC</subfield>
    <subfield code="k">DDC</subfield>
    <subfield code="u">20111011</subfield>
  </datafield>
  <datafield tag="952" ind1=" " ind2=" ">
    <subfield code="a">274898708</subfield>
    <subfield code="z">RCJ</subfield>
    <subfield code="b">STANFORD UNIV ROBERT CROWN LAW LIBR</subfield>
    <subfield code="h">Full</subfield>
    <subfield code="i">LCC</subfield>
    <subfield code="k">DDC</subfield>
    <subfield code="u">20111011</subfield>
  </datafield>
  <datafield tag="952" ind1=" " ind2=" ">
    <subfield code="a">292963493</subfield>
    <subfield code="z">LUI</subfield>
    <subfield code="b">UNIV OF IOWA, LAW LIBR</subfield>
    <subfield code="h">Full</subfield>
    <subfield code="k">DDC</subfield>
    <subfield code="u">20100802</subfield>
  </datafield>
  <datafield tag="952" ind1=" " ind2=" ">
    <subfield code="a">682802155</subfield>
    <subfield code="z">YUS</subfield>
    <subfield code="b">YALE UNIV LIBR</subfield>
    <subfield code="h">Full</subfield>
    <subfield code="i">LCC</subfield>
    <subfield code="k">DDC</subfield>
    <subfield code="u">20101122</subfield>
  </datafield>
  <datafield tag="952" ind1=" " ind2=" ">
    <subfield code="a">731945664</subfield>
    <subfield code="z">BOL</subfield>
    <subfield code="b">UNIV OF CALIFORNIA BERKELEY LAW LIBR</subfield>
    <subfield code="h">Full</subfield>
    <subfield code="u">20110621</subfield>
  </datafield>
  <datafield tag="952" ind1=" " ind2=" ">
    <subfield code="a">738113653</subfield>
    <subfield code="z">CUY</subfield>
    <subfield code="b">UNIV OF CALIFORNIA, BERKELEY</subfield>
    <subfield code="h">Full</subfield>
    <subfield code="i">LCC</subfield>
    <subfield code="k">DDC</subfield>
    <subfield code="u">20110704</subfield>
  </datafield>
  <datafield tag="029" ind1="1" ind2=" ">
    <subfield code="a">NLC</subfield>
    <subfield code="b">910985340E</subfield>
  </datafield>
  <datafield tag="029" ind1="1" ind2=" ">
    <subfield code="a">NLGGC</subfield>
    <subfield code="b">099017563</subfield>
  </datafield>
  <datafield tag="029" ind1="1" ind2=" ">
    <subfield code="a">NZ1</subfield>
    <subfield code="b">3811003</subfield>
  </datafield>
  <datafield tag="029" ind1="1" ind2=" ">
    <subfield code="a">NZ1</subfield>
    <subfield code="b">4295707</subfield>
  </datafield>
  <datafield tag="029" ind1="1" ind2=" ">
    <subfield code="a">AU@</subfield>
    <subfield code="b">000007872329</subfield>
  </datafield>
  <datafield tag="029" ind1="1" ind2=" ">
    <subfield code="a">HEBIS</subfield>
    <subfield code="b">018193021</subfield>
  </datafield>
  <datafield tag="994" ind1=" " ind2=" ">
    <subfield code="a">Z0</subfield>
    <subfield code="b">PMR</subfield>
  </datafield>
  <datafield tag="948" ind1=" " ind2=" ">
    <subfield code="h">NO HOLDINGS IN PMR - 180 OTHER HOLDINGS</subfield>
  </datafield>
</record>
