<?xml version="1.0" encoding="UTF-8"?>
<record xmlns="http://www.loc.gov/MARC21/slim">
  <leader>00861nam a22002410  4500</leader>
  <controlfield tag="008">850714 1980    onc                 eng  </controlfield>
  <datafield tag="020" ind1=" " ind2=" ">
    <subfield code="a">0662109635</subfield>
  </datafield>
  <datafield tag="040" ind1=" " ind2=" ">
    <subfield code="a">OOU</subfield>
    <subfield code="b">ENG</subfield>
  </datafield>
  <datafield tag="099" ind1=" " ind2=" ">
    <subfield code="a">KE 9270 .P35 1980</subfield>
  </datafield>
  <datafield tag="100" ind1="1" ind2=" ">
    <subfield code="a">Paikin, Lee.</subfield>
  </datafield>
  <datafield tag="245" ind1="1" ind2="4">
    <subfield code="a">The Issuance of search warrants </subfield>
    <subfield code="c">/ by Lee Paikin. --</subfield>
  </datafield>
  <datafield tag="260" ind1=" " ind2=" ">
    <subfield code="a">Ottawa: </subfield>
    <subfield code="b">Minister of Supply and Service, </subfield>
    <subfield code="c">1980.</subfield>
  </datafield>
  <datafield tag="300" ind1=" " ind2=" ">
    <subfield code="a">iv, 119 p.; 25 cm. --</subfield>
  </datafield>
  <datafield tag="440" ind1=" " ind2="0">
    <subfield code="a">Criminal law series.</subfield>
  </datafield>
  <datafield tag="490" ind1="1" ind2=" ">
    <subfield code="a">Study paper / Law Reform Commission of Canada.</subfield>
  </datafield>
  <datafield tag="500" ind1=" " ind2=" ">
    <subfield code="a">Issued also in French under title: La délivrance des mandats de perquistion.</subfield>
  </datafield>
  <datafield tag="650" ind1=" " ind2=" ">
    <subfield code="a">Arrest</subfield>
    <subfield code="z">Canada.</subfield>
  </datafield>
  <datafield tag="650" ind1=" " ind2=" ">
    <subfield code="a">Criminal procedure</subfield>
    <subfield code="z">Canada.</subfield>
  </datafield>
  <datafield tag="650" ind1=" " ind2="0">
    <subfield code="a">Warrants (Law)</subfield>
    <subfield code="z">Canada.</subfield>
  </datafield>
  <datafield tag="650" ind1=" " ind2="0">
    <subfield code="a">Searches and seizures</subfield>
    <subfield code="z">Canada.</subfield>
  </datafield>
  <datafield tag="710" ind1="2" ind2=" ">
    <subfield code="a">Law Reform Commission of Canada.</subfield>
  </datafield>
  <datafield tag="830" ind1=" " ind2="0">
    <subfield code="a">Study paper (Law Reform Commission of Canada)</subfield>
  </datafield>
  <datafield tag="935" ind1=" " ind2=" ">
    <subfield code="a">D0713580</subfield>
  </datafield>
</record>
