<?xml version="1.0" encoding="UTF-8"?>
<record xmlns="http://www.loc.gov/MARC21/slim">
  <leader>02544cam a2200601 i 4500</leader>
  <controlfield tag="001">ocm06596428 </controlfield>
  <controlfield tag="003">OCoLC</controlfield>
  <controlfield tag="005">20120905151219.0</controlfield>
  <controlfield tag="008">800825s1980    onc      b   f000 0 eng  </controlfield>
  <datafield tag="010" ind1=" " ind2=" ">
    <subfield code="a">   80490815 </subfield>
  </datafield>
  <datafield tag="040" ind1=" " ind2=" ">
    <subfield code="a">DLC</subfield>
    <subfield code="c">DLC</subfield>
    <subfield code="d">CLU</subfield>
    <subfield code="d">OTP</subfield>
    <subfield code="d">DEBBG</subfield>
  </datafield>
  <datafield tag="015" ind1=" " ind2=" ">
    <subfield code="a">C***</subfield>
  </datafield>
  <datafield tag="020" ind1=" " ind2=" ">
    <subfield code="a">0662507134 (pbk.) :</subfield>
    <subfield code="c">free</subfield>
  </datafield>
  <datafield tag="020" ind1=" " ind2=" ">
    <subfield code="a">9780662507130 (pbk.)</subfield>
  </datafield>
  <datafield tag="035" ind1=" " ind2=" ">
    <subfield code="a">(OCoLC)6596428</subfield>
  </datafield>
  <datafield tag="041" ind1="0" ind2=" ">
    <subfield code="a">engfre</subfield>
  </datafield>
  <datafield tag="043" ind1=" " ind2=" ">
    <subfield code="a">n-cn---</subfield>
  </datafield>
  <datafield tag="050" ind1=" " ind2="0">
    <subfield code="a">KE5036.A72</subfield>
    <subfield code="b">L38</subfield>
  </datafield>
  <datafield tag="082" ind1="0" ind2="4">
    <subfield code="a">342.71/0664</subfield>
    <subfield code="2">19</subfield>
  </datafield>
  <datafield tag="084" ind1=" " ind2=" ">
    <subfield code="a">PU 5530</subfield>
    <subfield code="2">rvk</subfield>
  </datafield>
  <datafield tag="110" ind1="2" ind2=" ">
    <subfield code="a">Law Reform Commission of Canada.</subfield>
  </datafield>
  <datafield tag="245" ind1="1" ind2="0">
    <subfield code="a">Judicial review and the federal court.</subfield>
  </datafield>
  <datafield tag="260" ind1=" " ind2=" ">
    <subfield code="a">Ottawa :</subfield>
    <subfield code="b">Law Reform Commission of Canada,</subfield>
    <subfield code="c">c1980.</subfield>
  </datafield>
  <datafield tag="300" ind1=" " ind2=" ">
    <subfield code="a">57, 68 p. ;</subfield>
    <subfield code="c">25 cm.</subfield>
  </datafield>
  <datafield tag="490" ind1="1" ind2=" ">
    <subfield code="a">Report - Law Reform Commission of Canada ;</subfield>
    <subfield code="v">14</subfield>
  </datafield>
  <datafield tag="500" ind1=" " ind2=" ">
    <subfield code="a">Cover title.</subfield>
  </datafield>
  <datafield tag="500" ind1=" " ind2=" ">
    <subfield code="a">Added t.p.: Le contrôle judiciaire et la cour fédérale.</subfield>
  </datafield>
  <datafield tag="500" ind1=" " ind2=" ">
    <subfield code="a">English and French.</subfield>
  </datafield>
  <datafield tag="500" ind1=" " ind2=" ">
    <subfield code="a">&quot;Catalogue no. J31-32/1980&quot;</subfield>
  </datafield>
  <datafield tag="504" ind1=" " ind2=" ">
    <subfield code="a">Includes bibliographical references.</subfield>
  </datafield>
  <datafield tag="650" ind1=" " ind2="0">
    <subfield code="a">Judicial review of administrative acts</subfield>
    <subfield code="z">Canada.</subfield>
  </datafield>
  <datafield tag="740" ind1="0" ind2="1">
    <subfield code="a">Contrôle judiciaire et la cour fédérale.</subfield>
  </datafield>
  <datafield tag="830" ind1=" " ind2="0">
    <subfield code="a">Report (Law Reform Commission of Canada) ;</subfield>
    <subfield code="v">14.</subfield>
  </datafield>
  <datafield tag="952" ind1=" " ind2=" ">
    <subfield code="a">6596428</subfield>
    <subfield code="z">DLC</subfield>
    <subfield code="b">LIBRARY OF CONGRESS</subfield>
    <subfield code="h">Full</subfield>
    <subfield code="i">LCC</subfield>
    <subfield code="k">DDC</subfield>
    <subfield code="u">20100526</subfield>
  </datafield>
  <datafield tag="952" ind1=" " ind2=" ">
    <subfield code="a">124252001</subfield>
    <subfield code="z">BOP</subfield>
    <subfield code="b">BOSTON UNIV, PAPPAS LAW LIBR</subfield>
    <subfield code="h">Full</subfield>
    <subfield code="u">20100804</subfield>
  </datafield>
  <datafield tag="952" ind1=" " ind2=" ">
    <subfield code="a">124824492</subfield>
    <subfield code="z">LXL</subfield>
    <subfield code="b">LOS ANGELES CNTY LAW LIBR</subfield>
    <subfield code="h">Full</subfield>
    <subfield code="i">LCC</subfield>
    <subfield code="k">DDC</subfield>
    <subfield code="u">20100628</subfield>
  </datafield>
  <datafield tag="952" ind1=" " ind2=" ">
    <subfield code="a">156037115</subfield>
    <subfield code="z">TULAW</subfield>
    <subfield code="b">TEMPLE UNV</subfield>
    <subfield code="h">Full</subfield>
    <subfield code="i">LCC</subfield>
    <subfield code="k">DDC</subfield>
    <subfield code="u">20100710</subfield>
  </datafield>
  <datafield tag="952" ind1=" " ind2=" ">
    <subfield code="a">173542855</subfield>
    <subfield code="z">ZZX</subfield>
    <subfield code="b">UNIV OF SOUTHERN CALIF, CALL LAW LIBR</subfield>
    <subfield code="h">Full</subfield>
    <subfield code="u">20100721</subfield>
  </datafield>
  <datafield tag="952" ind1=" " ind2=" ">
    <subfield code="a">173884952</subfield>
    <subfield code="z">PLL</subfield>
    <subfield code="b">UNIV OF PENNSYLVANIA, LAW LIBR</subfield>
    <subfield code="h">Full</subfield>
    <subfield code="i">LCC</subfield>
    <subfield code="u">20100702</subfield>
  </datafield>
  <datafield tag="952" ind1=" " ind2=" ">
    <subfield code="a">175230978</subfield>
    <subfield code="z">PUL</subfield>
    <subfield code="b">PRINCETON UNIV</subfield>
    <subfield code="h">Full</subfield>
    <subfield code="i">LCC</subfield>
    <subfield code="k">DDC</subfield>
    <subfield code="u">20100707</subfield>
  </datafield>
  <datafield tag="952" ind1=" " ind2=" ">
    <subfield code="a">180802739</subfield>
    <subfield code="z">SLA</subfield>
    <subfield code="b">SOCIAL LAW LIBR</subfield>
    <subfield code="h">Full</subfield>
    <subfield code="u">20100719</subfield>
  </datafield>
  <datafield tag="952" ind1=" " ind2=" ">
    <subfield code="a">212472690</subfield>
    <subfield code="z">COO</subfield>
    <subfield code="b">CORNELL UNIV</subfield>
    <subfield code="h">Full</subfield>
    <subfield code="i">LCC</subfield>
    <subfield code="k">DDC</subfield>
    <subfield code="u">20100725</subfield>
  </datafield>
  <datafield tag="952" ind1=" " ind2=" ">
    <subfield code="a">239665153</subfield>
    <subfield code="z">HVL</subfield>
    <subfield code="b">HARVARD UNIV, LAW SCH, LIBR</subfield>
    <subfield code="h">Full batch</subfield>
    <subfield code="i">LCC</subfield>
    <subfield code="k">DDC</subfield>
    <subfield code="u">20100726</subfield>
  </datafield>
  <datafield tag="952" ind1=" " ind2=" ">
    <subfield code="a">274200812</subfield>
    <subfield code="z">RCJ</subfield>
    <subfield code="b">STANFORD UNIV ROBERT CROWN LAW LIBR</subfield>
    <subfield code="h">Full</subfield>
    <subfield code="i">LCC</subfield>
    <subfield code="u">20111108</subfield>
  </datafield>
  <datafield tag="952" ind1=" " ind2=" ">
    <subfield code="a">291175927</subfield>
    <subfield code="z">LUI</subfield>
    <subfield code="b">UNIV OF IOWA, LAW LIBR</subfield>
    <subfield code="h">Full</subfield>
    <subfield code="i">LCC</subfield>
    <subfield code="k">DDC</subfield>
    <subfield code="u">20100702</subfield>
  </datafield>
  <datafield tag="952" ind1=" " ind2=" ">
    <subfield code="a">426314335</subfield>
    <subfield code="z">EMI</subfield>
    <subfield code="b">UNIV OF MICHIGAN, LAW LIBR</subfield>
    <subfield code="h">Full</subfield>
    <subfield code="i">LCC</subfield>
    <subfield code="u">20100723</subfield>
  </datafield>
  <datafield tag="952" ind1=" " ind2=" ">
    <subfield code="a">682800356</subfield>
    <subfield code="z">YUS</subfield>
    <subfield code="b">YALE UNIV LIBR</subfield>
    <subfield code="h">Full</subfield>
    <subfield code="i">LCC</subfield>
    <subfield code="k">DDC</subfield>
    <subfield code="u">20101122</subfield>
  </datafield>
  <datafield tag="952" ind1=" " ind2=" ">
    <subfield code="a">735263664</subfield>
    <subfield code="z">CUY</subfield>
    <subfield code="b">UNIV OF CALIFORNIA, BERKELEY</subfield>
    <subfield code="h">Full</subfield>
    <subfield code="u">20110704</subfield>
  </datafield>
  <datafield tag="029" ind1="1" ind2=" ">
    <subfield code="a">NZ1</subfield>
    <subfield code="b">2822691</subfield>
  </datafield>
  <datafield tag="029" ind1="1" ind2=" ">
    <subfield code="a">AU@</subfield>
    <subfield code="b">000001795304</subfield>
  </datafield>
  <datafield tag="029" ind1="1" ind2=" ">
    <subfield code="a">DEBBG</subfield>
    <subfield code="b">BV003479620</subfield>
  </datafield>
  <datafield tag="994" ind1=" " ind2=" ">
    <subfield code="a">Z0</subfield>
    <subfield code="b">PMR</subfield>
  </datafield>
  <datafield tag="948" ind1=" " ind2=" ">
    <subfield code="h">NO HOLDINGS IN PMR - 152 OTHER HOLDINGS</subfield>
  </datafield>
</record>
