<?xml version="1.0" encoding="UTF-8"?>
<record xmlns="http://www.loc.gov/MARC21/slim">
  <leader>01189nam a22003250  4500</leader>
  <controlfield tag="008">920723 1980    onc                 eng  </controlfield>
  <datafield tag="020" ind1=" " ind2=" ">
    <subfield code="a">0662504909</subfield>
  </datafield>
  <datafield tag="040" ind1=" " ind2=" ">
    <subfield code="a">OOU</subfield>
    <subfield code="b">eng</subfield>
  </datafield>
  <datafield tag="041" ind1="0" ind2=" ">
    <subfield code="a">engfre</subfield>
  </datafield>
  <datafield tag="099" ind1=" " ind2=" ">
    <subfield code="a">KE 9348 .A7327 J87 1980</subfield>
  </datafield>
  <datafield tag="245" ind1="0" ind2="4">
    <subfield code="a">The Jury in criminal trials /</subfield>
    <subfield code="c">Law Reform Commission of Canada.</subfield>
  </datafield>
  <datafield tag="260" ind1=" " ind2=" ">
    <subfield code="a">Ottawa :</subfield>
    <subfield code="b">Minister of Supply and Services,</subfield>
    <subfield code="c">1980.</subfield>
  </datafield>
  <datafield tag="300" ind1=" " ind2=" ">
    <subfield code="a">xii, 164, 170, xii p. ;</subfield>
    <subfield code="c">25 cm.</subfield>
  </datafield>
  <datafield tag="490" ind1="1" ind2=" ">
    <subfield code="a">Working paper ;</subfield>
    <subfield code="v">27.</subfield>
  </datafield>
  <datafield tag="490" ind1="1" ind2=" ">
    <subfield code="a">Document de travail ;</subfield>
    <subfield code="v">27.</subfield>
  </datafield>
  <datafield tag="500" ind1=" " ind2=" ">
    <subfield code="a">Issued with French text inverted: Le Jury en droit pénal.</subfield>
  </datafield>
  <datafield tag="500" ind1=" " ind2=" ">
    <subfield code="a">On cover: Criminal law.</subfield>
  </datafield>
  <datafield tag="650" ind1=" " ind2="0">
    <subfield code="a">Jury</subfield>
    <subfield code="z">Canada.</subfield>
  </datafield>
  <datafield tag="650" ind1=" " ind2="0">
    <subfield code="a">Criminal procedure</subfield>
    <subfield code="z">Canada.</subfield>
  </datafield>
  <datafield tag="650" ind1=" " ind2="0">
    <subfield code="a">Trial practice</subfield>
    <subfield code="z">Canada.</subfield>
  </datafield>
  <datafield tag="650" ind1=" " ind2="6">
    <subfield code="a">Procédure pénale</subfield>
    <subfield code="z">Canada.</subfield>
  </datafield>
  <datafield tag="650" ind1=" " ind2="6">
    <subfield code="a">Procédure relative au procès</subfield>
    <subfield code="z">Canada.</subfield>
  </datafield>
  <datafield tag="710" ind1="2" ind2="0">
    <subfield code="a">Law Reform Commission of Canada.</subfield>
  </datafield>
  <datafield tag="710" ind1="2" ind2="0">
    <subfield code="a">Commission de réforme du droit du Canada.</subfield>
  </datafield>
  <datafield tag="740" ind1="3" ind2="1">
    <subfield code="a">Le jury en droit pénal.</subfield>
  </datafield>
  <datafield tag="740" ind1="0" ind2="1">
    <subfield code="a">Criminal law.</subfield>
  </datafield>
  <datafield tag="740" ind1="0" ind2="1">
    <subfield code="a">Droit pénal.</subfield>
  </datafield>
  <datafield tag="830" ind1=" " ind2="0">
    <subfield code="a">Working paper (Law Reform Commission of Canada) ;</subfield>
    <subfield code="v">27.</subfield>
  </datafield>
  <datafield tag="830" ind1=" " ind2="0">
    <subfield code="a">Document de travail (Commission de réforme du droit du Canada) ;</subfield>
    <subfield code="v">27.</subfield>
  </datafield>
  <datafield tag="935" ind1=" " ind2=" ">
    <subfield code="a">D0646303</subfield>
  </datafield>
</record>
