<?xml version="1.0" encoding="UTF-8"?>
<record xmlns="http://www.loc.gov/MARC21/slim">
  <leader>01152cam a22003255i 4500</leader>
  <controlfield tag="001">ocm15764868 </controlfield>
  <controlfield tag="003">OCoLC</controlfield>
  <controlfield tag="005">20120905151824.0</controlfield>
  <controlfield tag="008">760115s1974    onc      b   f000 0 fre  </controlfield>
  <datafield tag="040" ind1=" " ind2=" ">
    <subfield code="a">NLC</subfield>
    <subfield code="b">fre</subfield>
    <subfield code="c">NLC</subfield>
    <subfield code="d">OCLCQ</subfield>
    <subfield code="d">LVB</subfield>
    <subfield code="d">CNMBL</subfield>
  </datafield>
  <datafield tag="016" ind1=" " ind2=" ">
    <subfield code="a">750732938</subfield>
  </datafield>
  <datafield tag="035" ind1=" " ind2=" ">
    <subfield code="a">(OCoLC)15764868</subfield>
  </datafield>
  <datafield tag="050" ind1="1" ind2="4">
    <subfield code="a">KE7709</subfield>
    <subfield code="b">S347 1974</subfield>
  </datafield>
  <datafield tag="086" ind1="1" ind2=" ">
    <subfield code="a">Cat IC, no. J32-4/5-1974F.</subfield>
  </datafield>
  <datafield tag="100" ind1="1" ind2=" ">
    <subfield code="a">Schmeiser, Douglas A.,</subfield>
    <subfield code="d">1934-</subfield>
  </datafield>
  <datafield tag="245" ind1="1" ind2="3">
    <subfield code="a">La délinquance chez les autochtones et la loi /</subfield>
    <subfield code="c">préparé pour la Commission de réforme du droit du Canada par Douglas A. Schmeiser avec la collaboration de Hans W.B. Heumann et John R. Manning.</subfield>
  </datafield>
  <datafield tag="260" ind1=" " ind2=" ">
    <subfield code="a">Ottawa :</subfield>
    <subfield code="b">Commission de réforme du droit,</subfield>
    <subfield code="c">1974.</subfield>
  </datafield>
  <datafield tag="300" ind1=" " ind2=" ">
    <subfield code="a">95 p. ;</subfield>
    <subfield code="c">25 cm.</subfield>
  </datafield>
  <datafield tag="500" ind1=" " ind2=" ">
    <subfield code="a">Publié aussi en anglais.</subfield>
  </datafield>
  <datafield tag="504" ind1=" " ind2=" ">
    <subfield code="a">Comprend des références bibliographiques.</subfield>
  </datafield>
  <datafield tag="650" ind1=" " ind2="6">
    <subfield code="a">Criminalité</subfield>
    <subfield code="z">Canada.</subfield>
  </datafield>
  <datafield tag="650" ind1=" " ind2="6">
    <subfield code="a">Métis</subfield>
    <subfield code="z">Canada.</subfield>
  </datafield>
  <datafield tag="650" ind1=" " ind2="6">
    <subfield code="a">Inuit</subfield>
    <subfield code="z">Canada.</subfield>
  </datafield>
  <datafield tag="700" ind1="1" ind2=" ">
    <subfield code="a">Heumann, Hans W. B.</subfield>
  </datafield>
  <datafield tag="700" ind1="1" ind2=" ">
    <subfield code="a">Manning, John R.</subfield>
  </datafield>
  <datafield tag="710" ind1="2" ind2=" ">
    <subfield code="a">Law Reform Commission of Canada.</subfield>
  </datafield>
  <datafield tag="029" ind1="0" ind2=" ">
    <subfield code="a">NLC</subfield>
    <subfield code="b">750732938</subfield>
  </datafield>
  <datafield tag="029" ind1="1" ind2=" ">
    <subfield code="a">NZ1</subfield>
    <subfield code="b">3243191</subfield>
  </datafield>
  <datafield tag="994" ind1=" " ind2=" ">
    <subfield code="a">Z0</subfield>
    <subfield code="b">PMR</subfield>
  </datafield>
  <datafield tag="948" ind1=" " ind2=" ">
    <subfield code="h">NO HOLDINGS IN PMR - 9 OTHER HOLDINGS</subfield>
  </datafield>
</record>
