<?xml version="1.0" encoding="UTF-8"?>
<record xmlns="http://www.loc.gov/MARC21/slim">
  <leader>03025cam a2200721 a 4500</leader>
  <controlfield tag="001">ocm09650657 </controlfield>
  <controlfield tag="003">OCoLC</controlfield>
  <controlfield tag="005">20120905151505.0</controlfield>
  <controlfield tag="008">840727s1982    onca     b    000 0 eng  </controlfield>
  <datafield tag="010" ind1=" " ind2=" ">
    <subfield code="a">   83181153 </subfield>
  </datafield>
  <datafield tag="040" ind1=" " ind2=" ">
    <subfield code="a">DLC</subfield>
    <subfield code="c">DLC</subfield>
    <subfield code="d">NLC</subfield>
    <subfield code="d">MUQ</subfield>
    <subfield code="d">NLGGC</subfield>
    <subfield code="d">BTCTA</subfield>
    <subfield code="d">K6U</subfield>
  </datafield>
  <datafield tag="016" ind1=" " ind2=" ">
    <subfield code="a">830726446</subfield>
  </datafield>
  <datafield tag="019" ind1=" " ind2=" ">
    <subfield code="a">11090050</subfield>
    <subfield code="a">15966713</subfield>
  </datafield>
  <datafield tag="020" ind1=" " ind2=" ">
    <subfield code="a">0662116259 (pbk.)</subfield>
  </datafield>
  <datafield tag="020" ind1=" " ind2=" ">
    <subfield code="a">9780662116257 (pbk.)</subfield>
  </datafield>
  <datafield tag="035" ind1=" " ind2=" ">
    <subfield code="a">(OCoLC)9650657</subfield>
    <subfield code="z">(OCoLC)11090050</subfield>
    <subfield code="z">(OCoLC)15966713</subfield>
  </datafield>
  <datafield tag="043" ind1=" " ind2=" ">
    <subfield code="a">n-cn---</subfield>
  </datafield>
  <datafield tag="050" ind1="0" ind2="0">
    <subfield code="a">KE5019</subfield>
    <subfield code="b">.S52 1982</subfield>
  </datafield>
  <datafield tag="050" ind1=" " ind2="4">
    <subfield code="a">JL95</subfield>
    <subfield code="b">.S56</subfield>
  </datafield>
  <datafield tag="082" ind1="0" ind2="0">
    <subfield code="a">342.71/066</subfield>
    <subfield code="a">347.10266</subfield>
    <subfield code="2">19</subfield>
  </datafield>
  <datafield tag="086" ind1="1" ind2=" ">
    <subfield code="a">DSS Cat. no. J32-3/34E</subfield>
  </datafield>
  <datafield tag="100" ind1="1" ind2=" ">
    <subfield code="a">Slatter, Frans F.</subfield>
  </datafield>
  <datafield tag="245" ind1="1" ind2="0">
    <subfield code="a">Parliament and administrative agencies :</subfield>
    <subfield code="b">a study paper /</subfield>
    <subfield code="c">prepared for the Law Reform Commission of Canada by Frans F. Slatter.</subfield>
  </datafield>
  <datafield tag="260" ind1=" " ind2=" ">
    <subfield code="a">Ottawa, Ont. :</subfield>
    <subfield code="b">Law Reform Commission of Canada,</subfield>
    <subfield code="c">1982.</subfield>
  </datafield>
  <datafield tag="300" ind1=" " ind2=" ">
    <subfield code="a">154 p. :</subfield>
    <subfield code="b">ill. ;</subfield>
    <subfield code="c">25 cm.</subfield>
  </datafield>
  <datafield tag="490" ind1="1" ind2=" ">
    <subfield code="a">Administrative law series</subfield>
  </datafield>
  <datafield tag="490" ind1="1" ind2=" ">
    <subfield code="a">Study paper / Law Reform Commission of Canada</subfield>
  </datafield>
  <datafield tag="504" ind1=" " ind2=" ">
    <subfield code="a">Includes bibliographical references.</subfield>
  </datafield>
  <datafield tag="650" ind1=" " ind2="0">
    <subfield code="a">Administrative procedure</subfield>
    <subfield code="z">Canada.</subfield>
  </datafield>
  <datafield tag="650" ind1=" " ind2="0">
    <subfield code="a">Administrative law</subfield>
    <subfield code="z">Canada.</subfield>
  </datafield>
  <datafield tag="650" ind1=" " ind2="0">
    <subfield code="a">Legislative power</subfield>
    <subfield code="z">Canada.</subfield>
  </datafield>
  <datafield tag="650" ind1=" " ind2="0">
    <subfield code="a">Administrative agencies</subfield>
    <subfield code="z">Canada.</subfield>
  </datafield>
  <datafield tag="610" ind1="1" ind2="6">
    <subfield code="a">Canada.</subfield>
    <subfield code="b">Parlement</subfield>
  </datafield>
  <datafield tag="651" ind1=" " ind2="6">
    <subfield code="a">Canada</subfield>
    <subfield code="x">Administration</subfield>
  </datafield>
  <datafield tag="650" ind1="1" ind2="7">
    <subfield code="a">Bestuursrecht.</subfield>
    <subfield code="2">gtt</subfield>
  </datafield>
  <datafield tag="650" ind1="1" ind2="7">
    <subfield code="a">Parlementen.</subfield>
    <subfield code="2">gtt</subfield>
  </datafield>
  <datafield tag="710" ind1="2" ind2=" ">
    <subfield code="a">Law Reform Commission of Canada.</subfield>
  </datafield>
  <datafield tag="830" ind1=" " ind2="0">
    <subfield code="a">Administrative law series.</subfield>
  </datafield>
  <datafield tag="830" ind1=" " ind2="0">
    <subfield code="a">Study paper (Law Reform Commission of Canada)</subfield>
  </datafield>
  <datafield tag="938" ind1=" " ind2=" ">
    <subfield code="a">Baker and Taylor</subfield>
    <subfield code="b">BTCP</subfield>
    <subfield code="n">83181153 //r84</subfield>
  </datafield>
  <datafield tag="952" ind1=" " ind2=" ">
    <subfield code="a">9650657</subfield>
    <subfield code="z">DLC</subfield>
    <subfield code="b">LIBRARY OF CONGRESS</subfield>
    <subfield code="h">Full</subfield>
    <subfield code="i">LCC</subfield>
    <subfield code="k">DDC</subfield>
    <subfield code="u">20110117</subfield>
  </datafield>
  <datafield tag="952" ind1=" " ind2=" ">
    <subfield code="a">124329025</subfield>
    <subfield code="z">BOP</subfield>
    <subfield code="b">BOSTON UNIV, PAPPAS LAW LIBR</subfield>
    <subfield code="h">Full</subfield>
    <subfield code="u">20100804</subfield>
  </datafield>
  <datafield tag="952" ind1=" " ind2=" ">
    <subfield code="a">124883986</subfield>
    <subfield code="z">LXL</subfield>
    <subfield code="b">LOS ANGELES CNTY LAW LIBR</subfield>
    <subfield code="h">Other</subfield>
    <subfield code="u">20100726</subfield>
  </datafield>
  <datafield tag="952" ind1=" " ind2=" ">
    <subfield code="a">147341065</subfield>
    <subfield code="z">CASWL</subfield>
    <subfield code="b">SOUTHWESTERN LAW SCH</subfield>
    <subfield code="h">Other</subfield>
    <subfield code="u">20100709</subfield>
  </datafield>
  <datafield tag="952" ind1=" " ind2=" ">
    <subfield code="a">155965035</subfield>
    <subfield code="z">TULAW</subfield>
    <subfield code="b">TEMPLE UNV</subfield>
    <subfield code="h">Full</subfield>
    <subfield code="u">20100625</subfield>
  </datafield>
  <datafield tag="952" ind1=" " ind2=" ">
    <subfield code="a">175581714</subfield>
    <subfield code="z">PUL</subfield>
    <subfield code="b">PRINCETON UNIV</subfield>
    <subfield code="h">Full</subfield>
    <subfield code="i">LCC</subfield>
    <subfield code="k">DDC</subfield>
    <subfield code="u">20100709</subfield>
  </datafield>
  <datafield tag="952" ind1=" " ind2=" ">
    <subfield code="a">183388651</subfield>
    <subfield code="z">GXR</subfield>
    <subfield code="b">YALE UNIV, LAW SCH LIBR</subfield>
    <subfield code="h">Full</subfield>
    <subfield code="i">LCC</subfield>
    <subfield code="u">20100712</subfield>
  </datafield>
  <datafield tag="952" ind1=" " ind2=" ">
    <subfield code="a">212471635</subfield>
    <subfield code="z">COO</subfield>
    <subfield code="b">CORNELL UNIV</subfield>
    <subfield code="h">Full</subfield>
    <subfield code="u">20100721</subfield>
  </datafield>
  <datafield tag="952" ind1=" " ind2=" ">
    <subfield code="a">237561496</subfield>
    <subfield code="z">HVL</subfield>
    <subfield code="b">HARVARD UNIV, LAW SCH, LIBR</subfield>
    <subfield code="h">Full batch</subfield>
    <subfield code="i">LCC</subfield>
    <subfield code="u">20100804</subfield>
  </datafield>
  <datafield tag="952" ind1=" " ind2=" ">
    <subfield code="a">273689765</subfield>
    <subfield code="z">STF</subfield>
    <subfield code="b">STANFORD UNIV LIBR</subfield>
    <subfield code="h">Other</subfield>
    <subfield code="i">LCC</subfield>
    <subfield code="k">DDC</subfield>
    <subfield code="u">20100722</subfield>
  </datafield>
  <datafield tag="952" ind1=" " ind2=" ">
    <subfield code="a">275820488</subfield>
    <subfield code="z">RCJ</subfield>
    <subfield code="b">STANFORD UNIV, ROBERT CROWN LAW LIBR</subfield>
    <subfield code="h">Full</subfield>
    <subfield code="i">LCC</subfield>
    <subfield code="k">DDC</subfield>
    <subfield code="u">20100802</subfield>
  </datafield>
  <datafield tag="952" ind1=" " ind2=" ">
    <subfield code="a">291190550</subfield>
    <subfield code="z">LUI</subfield>
    <subfield code="b">UNIV OF IOWA, LAW LIBR</subfield>
    <subfield code="h">Full</subfield>
    <subfield code="u">20100728</subfield>
  </datafield>
  <datafield tag="952" ind1=" " ind2=" ">
    <subfield code="a">427303842</subfield>
    <subfield code="z">EMI</subfield>
    <subfield code="b">UNIV OF MICHIGAN, LAW LIBR</subfield>
    <subfield code="h">Full</subfield>
    <subfield code="i">LCC</subfield>
    <subfield code="k">DDC</subfield>
    <subfield code="u">20100722</subfield>
  </datafield>
  <datafield tag="952" ind1=" " ind2=" ">
    <subfield code="a">471217478</subfield>
    <subfield code="z">TEU</subfield>
    <subfield code="b">TEMPLE UNIV</subfield>
    <subfield code="h">Other</subfield>
    <subfield code="u">20100718</subfield>
  </datafield>
  <datafield tag="952" ind1=" " ind2=" ">
    <subfield code="a">682801909</subfield>
    <subfield code="z">YUS</subfield>
    <subfield code="b">YALE UNIV LIBR</subfield>
    <subfield code="h">Full</subfield>
    <subfield code="i">LCC</subfield>
    <subfield code="k">DDC</subfield>
    <subfield code="u">20101122</subfield>
  </datafield>
  <datafield tag="952" ind1=" " ind2=" ">
    <subfield code="a">735087504</subfield>
    <subfield code="z">CUY</subfield>
    <subfield code="b">UNIV OF CALIFORNIA, BERKELEY</subfield>
    <subfield code="h">Full</subfield>
    <subfield code="u">20110703</subfield>
  </datafield>
  <datafield tag="029" ind1="1" ind2=" ">
    <subfield code="a">NLC</subfield>
    <subfield code="b">830726446</subfield>
  </datafield>
  <datafield tag="029" ind1="1" ind2=" ">
    <subfield code="a">NLGGC</subfield>
    <subfield code="b">843072407</subfield>
  </datafield>
  <datafield tag="029" ind1="1" ind2=" ">
    <subfield code="a">NZ1</subfield>
    <subfield code="b">4448610</subfield>
  </datafield>
  <datafield tag="029" ind1="1" ind2=" ">
    <subfield code="a">AU@</subfield>
    <subfield code="b">000002812451</subfield>
  </datafield>
  <datafield tag="029" ind1="1" ind2=" ">
    <subfield code="a">AU@</subfield>
    <subfield code="b">000045076656</subfield>
  </datafield>
  <datafield tag="994" ind1=" " ind2=" ">
    <subfield code="a">Z0</subfield>
    <subfield code="b">PMR</subfield>
  </datafield>
  <datafield tag="948" ind1=" " ind2=" ">
    <subfield code="h">NO HOLDINGS IN PMR - 174 OTHER HOLDINGS</subfield>
  </datafield>
</record>
