<?xml version="1.0" encoding="UTF-8"?>
<record xmlns="http://www.loc.gov/MARC21/slim">
  <leader>00927nam a22002530  4500</leader>
  <controlfield tag="008">911002s1976    onc        bs    |  eng d</controlfield>
  <datafield tag="010" ind1=" " ind2=" ">
    <subfield code="a">77353349</subfield>
  </datafield>
  <datafield tag="016" ind1=" " ind2=" ">
    <subfield code="a">C***</subfield>
  </datafield>
  <datafield tag="035" ind1=" " ind2=" ">
    <subfield code="a">207125706.C..</subfield>
  </datafield>
  <datafield tag="040" ind1=" " ind2=" ">
    <subfield code="a">OOU</subfield>
    <subfield code="b">eng</subfield>
  </datafield>
  <datafield tag="050" ind1=" " ind2="0">
    <subfield code="a">HV9308</subfield>
    <subfield code="b">.M3</subfield>
  </datafield>
  <datafield tag="050" ind1=" " ind2="0">
    <subfield code="a">HV9308</subfield>
  </datafield>
  <datafield tag="082" ind1="0" ind2=" ">
    <subfield code="a">364.6/2/0971</subfield>
  </datafield>
  <datafield tag="099" ind1=" " ind2=" ">
    <subfield code="a">HV 9308 .A5 M3 1976</subfield>
  </datafield>
  <datafield tag="100" ind1="1" ind2=" ">
    <subfield code="a">Macnaughton-Smith, P. N. M.</subfield>
  </datafield>
  <datafield tag="245" ind1="1" ind2="0">
    <subfield code="a">Permission to be slightly free :</subfield>
    <subfield code="b">a study of the granting, refusing, and withdrawing of parole in Canadian penitentiaries /</subfield>
    <subfield code="c">P. Macnaughton-Smith.</subfield>
  </datafield>
  <datafield tag="260" ind1=" " ind2=" ">
    <subfield code="a">[Toronto, Ont.] :</subfield>
    <subfield code="b">Centre of Criminology, University of Toronto,</subfield>
    <subfield code="c">c1976.</subfield>
  </datafield>
  <datafield tag="300" ind1=" " ind2=" ">
    <subfield code="a">viii, 307 p. ;</subfield>
    <subfield code="c">25 cm.</subfield>
  </datafield>
  <datafield tag="500" ind1=" " ind2=" ">
    <subfield code="a">On cover: Law Reform Commission of Canada.</subfield>
  </datafield>
  <datafield tag="500" ind1=" " ind2=" ">
    <subfield code="a">Also published in French under the title: La liberté au compte-touttes.</subfield>
  </datafield>
  <datafield tag="504" ind1=" " ind2=" ">
    <subfield code="a">Bibliography: p. 131-133.</subfield>
  </datafield>
  <datafield tag="650" ind1=" " ind2="0">
    <subfield code="a">Parole</subfield>
    <subfield code="z">Canada.</subfield>
  </datafield>
  <datafield tag="710" ind1="2" ind2=" ">
    <subfield code="a">Law Reform Commission of Canada.</subfield>
  </datafield>
  <datafield tag="935" ind1=" " ind2=" ">
    <subfield code="a">D0640678</subfield>
  </datafield>
</record>
