<?xml version="1.0" encoding="UTF-8"?>
<record xmlns="http://www.loc.gov/MARC21/slim">
  <leader>02821cam a2200589 a 4500</leader>
  <controlfield tag="001">ocm28181927 </controlfield>
  <controlfield tag="003">OCoLC</controlfield>
  <controlfield tag="005">20120905151959.0</controlfield>
  <controlfield tag="008">921130s1992    onc      b   f000 0 eng  </controlfield>
  <datafield tag="010" ind1=" " ind2=" ">
    <subfield code="a">   92199020 </subfield>
  </datafield>
  <datafield tag="040" ind1=" " ind2=" ">
    <subfield code="a">DLC</subfield>
    <subfield code="c">DLC</subfield>
    <subfield code="d">LUL</subfield>
    <subfield code="d">BTCTA</subfield>
  </datafield>
  <datafield tag="016" ind1=" " ind2=" ">
    <subfield code="a">920996280E</subfield>
  </datafield>
  <datafield tag="019" ind1=" " ind2=" ">
    <subfield code="a">25873073</subfield>
  </datafield>
  <datafield tag="020" ind1=" " ind2=" ">
    <subfield code="z">0660588991</subfield>
  </datafield>
  <datafield tag="020" ind1=" " ind2=" ">
    <subfield code="a">0662588991 (corrected)</subfield>
  </datafield>
  <datafield tag="020" ind1=" " ind2=" ">
    <subfield code="a">9780662588993 (corrected)</subfield>
  </datafield>
  <datafield tag="035" ind1=" " ind2=" ">
    <subfield code="a">(OCoLC)28181927</subfield>
    <subfield code="z">(OCoLC)25873073</subfield>
  </datafield>
  <datafield tag="041" ind1="0" ind2=" ">
    <subfield code="a">engfre</subfield>
  </datafield>
  <datafield tag="043" ind1=" " ind2=" ">
    <subfield code="a">n-cn---</subfield>
  </datafield>
  <datafield tag="050" ind1="0" ind2="0">
    <subfield code="a">KE3663.D65</subfield>
    <subfield code="b">A751992</subfield>
  </datafield>
  <datafield tag="055" ind1=" " ind2="0">
    <subfield code="a">COP.CA.2.1992-1602</subfield>
  </datafield>
  <datafield tag="082" ind1="0" ind2="0">
    <subfield code="a">344.71/04194</subfield>
    <subfield code="a">347.1044194</subfield>
    <subfield code="2">20</subfield>
  </datafield>
  <datafield tag="086" ind1="1" ind2=" ">
    <subfield code="a">DSS Cat. no. J32-1/66-1992</subfield>
  </datafield>
  <datafield tag="110" ind1="2" ind2=" ">
    <subfield code="a">Law Reform Commission of Canada.</subfield>
  </datafield>
  <datafield tag="245" ind1="1" ind2="0">
    <subfield code="a">Procurement and transfer of human tissues and organs /</subfield>
    <subfield code="c">Law Reform Commission of Canada.</subfield>
  </datafield>
  <datafield tag="260" ind1=" " ind2=" ">
    <subfield code="a">[Ottawa] :</subfield>
    <subfield code="b">The Commission,</subfield>
    <subfield code="c">c1992.</subfield>
  </datafield>
  <datafield tag="300" ind1=" " ind2=" ">
    <subfield code="a">xii, 232, 262, xii p. ;</subfield>
    <subfield code="c">25 cm.</subfield>
  </datafield>
  <datafield tag="490" ind1="1" ind2=" ">
    <subfield code="a">Working paper ;</subfield>
    <subfield code="v">66</subfield>
  </datafield>
  <datafield tag="500" ind1=" " ind2=" ">
    <subfield code="a">English and French.</subfield>
  </datafield>
  <datafield tag="500" ind1=" " ind2=" ">
    <subfield code="a">Title on added t.p.: Prélèvement et utilisation médicale de tissus et d&apos;organes humains.</subfield>
  </datafield>
  <datafield tag="504" ind1=" " ind2=" ">
    <subfield code="a">Includes bibliographical references (p. 225-230, 1st group; p. [253]-259, 2nd group).</subfield>
  </datafield>
  <datafield tag="650" ind1=" " ind2="0">
    <subfield code="a">Procurement of organs, tissues, etc.</subfield>
    <subfield code="x">Law and legislation</subfield>
    <subfield code="z">Canada.</subfield>
  </datafield>
  <datafield tag="650" ind1=" " ind2="0">
    <subfield code="a">Transplantation of organs, tissues, etc.</subfield>
    <subfield code="x">Law and legislation</subfield>
    <subfield code="z">Canada.</subfield>
  </datafield>
  <datafield tag="740" ind1="0" ind2="1">
    <subfield code="a">Prélèvement et utilisation médicale de tissus et d&apos;organes humains.</subfield>
  </datafield>
  <datafield tag="776" ind1="0" ind2="8">
    <subfield code="i">Online version:</subfield>
    <subfield code="a">Law Reform Commission of Canada.</subfield>
    <subfield code="t">Procurement and transfer of human tissues and organs.</subfield>
    <subfield code="d">[Ottawa] : The Commission, c1992</subfield>
    <subfield code="w">(OCoLC)605886980</subfield>
  </datafield>
  <datafield tag="830" ind1=" " ind2="0">
    <subfield code="a">Working paper (Law Reform Commission of Canada) ;</subfield>
    <subfield code="v">66.</subfield>
  </datafield>
  <datafield tag="938" ind1=" " ind2=" ">
    <subfield code="a">Baker and Taylor</subfield>
    <subfield code="b">BTCP</subfield>
    <subfield code="n">92199020 //r95</subfield>
  </datafield>
  <datafield tag="952" ind1=" " ind2=" ">
    <subfield code="a">28181927</subfield>
    <subfield code="z">DLC</subfield>
    <subfield code="b">LIBRARY OF CONGRESS</subfield>
    <subfield code="h">Full</subfield>
    <subfield code="i">LCC</subfield>
    <subfield code="k">DDC</subfield>
    <subfield code="u">20100409</subfield>
  </datafield>
  <datafield tag="952" ind1=" " ind2=" ">
    <subfield code="a">125338007</subfield>
    <subfield code="z">LXL</subfield>
    <subfield code="b">LOS ANGELES CNTY LAW LIBR</subfield>
    <subfield code="h">Full</subfield>
    <subfield code="k">DDC</subfield>
    <subfield code="u">20100711</subfield>
  </datafield>
  <datafield tag="952" ind1=" " ind2=" ">
    <subfield code="a">125761793</subfield>
    <subfield code="z">UMG</subfield>
    <subfield code="b">UNIV OF MAINE, SCH OF LAW</subfield>
    <subfield code="h">Full</subfield>
    <subfield code="k">DDC</subfield>
    <subfield code="u">20100803</subfield>
  </datafield>
  <datafield tag="952" ind1=" " ind2=" ">
    <subfield code="a">173591064</subfield>
    <subfield code="z">ZZX</subfield>
    <subfield code="b">UNIV OF SOUTHERN CALIF, CALL LAW LIBR</subfield>
    <subfield code="h">Full</subfield>
    <subfield code="i">LCC</subfield>
    <subfield code="k">DDC</subfield>
    <subfield code="u">20100728</subfield>
  </datafield>
  <datafield tag="952" ind1=" " ind2=" ">
    <subfield code="a">183499688</subfield>
    <subfield code="z">GXR</subfield>
    <subfield code="b">YALE UNIV, LAW SCH LIBR</subfield>
    <subfield code="h">Full</subfield>
    <subfield code="u">20100707</subfield>
  </datafield>
  <datafield tag="952" ind1=" " ind2=" ">
    <subfield code="a">231211064</subfield>
    <subfield code="z">HMS</subfield>
    <subfield code="b">HARVARD UNIV, MED SCH, COUNTWAY LIBR</subfield>
    <subfield code="h">Less-than-full batch</subfield>
    <subfield code="i">LCC</subfield>
    <subfield code="k">DDC</subfield>
    <subfield code="u">20110924</subfield>
  </datafield>
  <datafield tag="952" ind1=" " ind2=" ">
    <subfield code="a">238581040</subfield>
    <subfield code="z">HVL</subfield>
    <subfield code="b">HARVARD UNIV, LAW SCH, LIBR</subfield>
    <subfield code="h">Less-than-full batch</subfield>
    <subfield code="i">LCC</subfield>
    <subfield code="k">DDC</subfield>
    <subfield code="u">20110924</subfield>
  </datafield>
  <datafield tag="952" ind1=" " ind2=" ">
    <subfield code="a">245627124</subfield>
    <subfield code="z">CASUM</subfield>
    <subfield code="b">STANFORD UNIV LANE MED LIBR</subfield>
    <subfield code="h">Full batch</subfield>
    <subfield code="u">20100806</subfield>
  </datafield>
  <datafield tag="952" ind1=" " ind2=" ">
    <subfield code="a">274460183</subfield>
    <subfield code="z">RCJ</subfield>
    <subfield code="b">STANFORD UNIV, ROBERT CROWN LAW LIBR</subfield>
    <subfield code="h">Full</subfield>
    <subfield code="i">LCC</subfield>
    <subfield code="k">DDC</subfield>
    <subfield code="u">20100704</subfield>
  </datafield>
  <datafield tag="952" ind1=" " ind2=" ">
    <subfield code="a">427304619</subfield>
    <subfield code="z">EMI</subfield>
    <subfield code="b">UNIV OF MICHIGAN, LAW LIBR</subfield>
    <subfield code="h">Full</subfield>
    <subfield code="i">LCC</subfield>
    <subfield code="k">DDC</subfield>
    <subfield code="u">20100713</subfield>
  </datafield>
  <datafield tag="952" ind1=" " ind2=" ">
    <subfield code="a">682801805</subfield>
    <subfield code="z">YUS</subfield>
    <subfield code="b">YALE UNIV LIBR</subfield>
    <subfield code="h">Full</subfield>
    <subfield code="i">LCC</subfield>
    <subfield code="k">DDC</subfield>
    <subfield code="u">20101122</subfield>
  </datafield>
  <datafield tag="029" ind1="1" ind2=" ">
    <subfield code="a">NZ1</subfield>
    <subfield code="b">4042640</subfield>
  </datafield>
  <datafield tag="029" ind1="1" ind2=" ">
    <subfield code="a">AU@</subfield>
    <subfield code="b">000009051313</subfield>
  </datafield>
  <datafield tag="994" ind1=" " ind2=" ">
    <subfield code="a">Z0</subfield>
    <subfield code="b">PMR</subfield>
  </datafield>
  <datafield tag="948" ind1=" " ind2=" ">
    <subfield code="h">NO HOLDINGS IN PMR - 140 OTHER HOLDINGS</subfield>
  </datafield>
</record>
