<?xml version="1.0" encoding="UTF-8"?>
<record xmlns="http://www.loc.gov/MARC21/slim">
  <leader>00410nam a22001330  4500</leader>
  <controlfield tag="008">850713 1975    onc.                eng d</controlfield>
  <datafield tag="040" ind1=" " ind2=" ">
    <subfield code="a">OOU</subfield>
    <subfield code="b">ENG</subfield>
  </datafield>
  <datafield tag="099" ind1=" " ind2=" ">
    <subfield code="a">KE 429 .A73 D43 1975</subfield>
  </datafield>
  <datafield tag="110" ind1="2" ind2=" ">
    <subfield code="a">Law Reform Commission of Canada.</subfield>
  </datafield>
  <datafield tag="245" ind1="1" ind2="0">
    <subfield code="a">Studies on diversion. </subfield>
  </datafield>
  <datafield tag="260" ind1=" " ind2=" ">
    <subfield code="a">[Ottawa :</subfield>
    <subfield code="b">Information Canada,</subfield>
    <subfield code="c">1975]</subfield>
  </datafield>
  <datafield tag="300" ind1=" " ind2=" ">
    <subfield code="a">ix,  230, 25 p. ;</subfield>
    <subfield code="c">25cm.</subfield>
  </datafield>
  <datafield tag="650" ind1=" " ind2=" ">
    <subfield code="a">Criminal justice, Administration of</subfield>
    <subfield code="z">Canada.</subfield>
  </datafield>
  <datafield tag="935" ind1=" " ind2=" ">
    <subfield code="a">D0646148</subfield>
  </datafield>
</record>
