<?xml version="1.0" encoding="UTF-8"?>
<record xmlns="http://www.loc.gov/MARC21/slim">
  <leader>00730nam a22001930  4500</leader>
  <controlfield tag="008">850714 1981    onc           0     eng  </controlfield>
  <datafield tag="020" ind1=" " ind2=" ">
    <subfield code="a">0662116224</subfield>
  </datafield>
  <datafield tag="040" ind1=" " ind2=" ">
    <subfield code="a">OOU</subfield>
    <subfield code="b">ENG</subfield>
  </datafield>
  <datafield tag="099" ind1=" " ind2=" ">
    <subfield code="a">KE 6096 .A745 T36 1981</subfield>
  </datafield>
  <datafield tag="245" ind1="0" ind2="4">
    <subfield code="a">The Tariff Board :</subfield>
    <subfield code="b">a study prepared for the Law Reform Commission of Canada /</subfield>
    <subfield code="c">by Philip Slayton ... [et al.].</subfield>
  </datafield>
  <datafield tag="260" ind1=" " ind2=" ">
    <subfield code="a">Ottawa: </subfield>
    <subfield code="b">Law Reform Commission of Canada, </subfield>
    <subfield code="c">1981.</subfield>
  </datafield>
  <datafield tag="300" ind1=" " ind2=" ">
    <subfield code="a">ix, 154 p. :</subfield>
    <subfield code="b">ill. ;</subfield>
    <subfield code="c">24 cm.</subfield>
  </datafield>
  <datafield tag="440" ind1=" " ind2="0">
    <subfield code="a">Administrative law series.</subfield>
  </datafield>
  <datafield tag="440" ind1=" " ind2="0">
    <subfield code="a">Study paper (Law Reform Commission of Canada)</subfield>
  </datafield>
  <datafield tag="500" ind1=" " ind2=" ">
    <subfield code="a">Also issued in French under title : La Commission du tarif.</subfield>
  </datafield>
  <datafield tag="650" ind1=" " ind2="0">
    <subfield code="a">Tariff</subfield>
    <subfield code="z">Canada.</subfield>
  </datafield>
  <datafield tag="700" ind1="1" ind2=" ">
    <subfield code="a">Slayton, Philip.</subfield>
  </datafield>
  <datafield tag="710" ind1="2" ind2=" ">
    <subfield code="a">Law Reform Commission of Canada.</subfield>
  </datafield>
  <datafield tag="935" ind1=" " ind2=" ">
    <subfield code="a">D0726593</subfield>
  </datafield>
</record>
