<?xml version="1.0" encoding="UTF-8"?>
<record xmlns="http://www.loc.gov/MARC21/slim">
  <leader>02780cam a2200661 i 4500</leader>
  <controlfield tag="001">ocm05750963 </controlfield>
  <controlfield tag="003">OCoLC</controlfield>
  <controlfield tag="005">20120905151001.0</controlfield>
  <controlfield tag="008">791023s1979    onc          f000 0 eng  </controlfield>
  <datafield tag="010" ind1=" " ind2=" ">
    <subfield code="a">   79317863 </subfield>
  </datafield>
  <datafield tag="040" ind1=" " ind2=" ">
    <subfield code="a">DLC</subfield>
    <subfield code="c">DLC</subfield>
    <subfield code="d">NLC</subfield>
    <subfield code="d">FCI</subfield>
    <subfield code="d">RCJ</subfield>
    <subfield code="d">AU@</subfield>
  </datafield>
  <datafield tag="015" ind1=" " ind2=" ">
    <subfield code="a">C***</subfield>
  </datafield>
  <datafield tag="019" ind1=" " ind2=" ">
    <subfield code="a">4887174</subfield>
    <subfield code="a">15676972</subfield>
  </datafield>
  <datafield tag="020" ind1=" " ind2=" ">
    <subfield code="a">0662502280 :</subfield>
    <subfield code="c">free</subfield>
  </datafield>
  <datafield tag="020" ind1=" " ind2=" ">
    <subfield code="a">9780662502289</subfield>
  </datafield>
  <datafield tag="035" ind1=" " ind2=" ">
    <subfield code="a">(OCoLC)5750963</subfield>
    <subfield code="z">(OCoLC)4887174</subfield>
    <subfield code="z">(OCoLC)15676972</subfield>
  </datafield>
  <datafield tag="041" ind1="0" ind2=" ">
    <subfield code="a">engfre</subfield>
  </datafield>
  <datafield tag="043" ind1=" " ind2=" ">
    <subfield code="a">n-cn---</subfield>
  </datafield>
  <datafield tag="050" ind1="0" ind2="0">
    <subfield code="a">KE8958.A72</subfield>
    <subfield code="b">L348</subfield>
  </datafield>
  <datafield tag="082" ind1=" " ind2=" ">
    <subfield code="a">345/.71/026</subfield>
  </datafield>
  <datafield tag="086" ind1="1" ind2=" ">
    <subfield code="a">DSS Cat. no. J31-30/1979</subfield>
  </datafield>
  <datafield tag="110" ind1="2" ind2=" ">
    <subfield code="a">Law Reform Commission of Canada.</subfield>
  </datafield>
  <datafield tag="245" ind1="1" ind2="0">
    <subfield code="a">Theft and fraud /</subfield>
    <subfield code="c">Law Reform Commission of Canada.</subfield>
  </datafield>
  <datafield tag="260" ind1=" " ind2=" ">
    <subfield code="a">Ottawa :</subfield>
    <subfield code="b">The Commission,</subfield>
    <subfield code="c">[c1979]</subfield>
  </datafield>
  <datafield tag="300" ind1=" " ind2=" ">
    <subfield code="a">60, 65 p. ;</subfield>
    <subfield code="c">25 cm.</subfield>
  </datafield>
  <datafield tag="490" ind1="1" ind2=" ">
    <subfield code="a">Report - Law Reform Commission of Canada ;</subfield>
    <subfield code="v">12</subfield>
  </datafield>
  <datafield tag="500" ind1=" " ind2=" ">
    <subfield code="a">Cover title.</subfield>
  </datafield>
  <datafield tag="500" ind1=" " ind2=" ">
    <subfield code="a">Added t.p.: Le vol et la fraude.</subfield>
  </datafield>
  <datafield tag="500" ind1=" " ind2=" ">
    <subfield code="a">English and French.</subfield>
  </datafield>
  <datafield tag="650" ind1=" " ind2="7">
    <subfield code="a">Vol (droit)</subfield>
    <subfield code="z">Canada.</subfield>
    <subfield code="2">ram</subfield>
  </datafield>
  <datafield tag="650" ind1=" " ind2="7">
    <subfield code="a">Fraude</subfield>
    <subfield code="z">Canada.</subfield>
    <subfield code="2">ram</subfield>
  </datafield>
  <datafield tag="650" ind1=" " ind2="7">
    <subfield code="a">Infractions contre la propriété</subfield>
    <subfield code="z">Canada .</subfield>
    <subfield code="2">ram</subfield>
  </datafield>
  <datafield tag="650" ind1=" " ind2="0">
    <subfield code="a">Larceny</subfield>
    <subfield code="z">Canada.</subfield>
  </datafield>
  <datafield tag="650" ind1=" " ind2="0">
    <subfield code="a">Fraud</subfield>
    <subfield code="z">Canada.</subfield>
  </datafield>
  <datafield tag="650" ind1=" " ind2="0">
    <subfield code="a">Offenses against property</subfield>
    <subfield code="z">Canada.</subfield>
  </datafield>
  <datafield tag="740" ind1="0" ind2="1">
    <subfield code="a">Vol et la fraude.</subfield>
  </datafield>
  <datafield tag="830" ind1=" " ind2="0">
    <subfield code="a">Report (Law Reform Commission of Canada) ;</subfield>
    <subfield code="v">12.</subfield>
  </datafield>
  <datafield tag="952" ind1=" " ind2=" ">
    <subfield code="a">5750963</subfield>
    <subfield code="z">DLC</subfield>
    <subfield code="b">LIBRARY OF CONGRESS</subfield>
    <subfield code="h">Full</subfield>
    <subfield code="i">LCC</subfield>
    <subfield code="k">DDC</subfield>
    <subfield code="u">20091219</subfield>
  </datafield>
  <datafield tag="952" ind1=" " ind2=" ">
    <subfield code="a">124269194</subfield>
    <subfield code="z">BOP</subfield>
    <subfield code="b">BOSTON UNIV, PAPPAS LAW LIBR</subfield>
    <subfield code="h">Full</subfield>
    <subfield code="u">20100804</subfield>
  </datafield>
  <datafield tag="952" ind1=" " ind2=" ">
    <subfield code="a">124754754</subfield>
    <subfield code="z">MGSOL</subfield>
    <subfield code="b">PACIFIC MCGEORGE SCH OF LAW</subfield>
    <subfield code="h">Full</subfield>
    <subfield code="i">LCC</subfield>
    <subfield code="k">DDC</subfield>
    <subfield code="u">20100722</subfield>
  </datafield>
  <datafield tag="952" ind1=" " ind2=" ">
    <subfield code="a">124824572</subfield>
    <subfield code="z">LXL</subfield>
    <subfield code="b">LOS ANGELES CNTY LAW LIBR</subfield>
    <subfield code="h">Full</subfield>
    <subfield code="i">LCC</subfield>
    <subfield code="k">DDC</subfield>
    <subfield code="u">20100802</subfield>
  </datafield>
  <datafield tag="952" ind1=" " ind2=" ">
    <subfield code="a">132933890</subfield>
    <subfield code="z">BOL</subfield>
    <subfield code="b">UNIV OF CALIFORNIA BERKELEY LAW LIBR</subfield>
    <subfield code="h">Full</subfield>
    <subfield code="u">20100726</subfield>
  </datafield>
  <datafield tag="952" ind1=" " ind2=" ">
    <subfield code="a">156024957</subfield>
    <subfield code="z">TULAW</subfield>
    <subfield code="b">TEMPLE UNV</subfield>
    <subfield code="h">Full</subfield>
    <subfield code="i">LCC</subfield>
    <subfield code="k">DDC</subfield>
    <subfield code="u">20100727</subfield>
  </datafield>
  <datafield tag="952" ind1=" " ind2=" ">
    <subfield code="a">173539691</subfield>
    <subfield code="z">ZZX</subfield>
    <subfield code="b">UNIV OF SOUTHERN CALIF, CALL LAW LIBR</subfield>
    <subfield code="h">Full</subfield>
    <subfield code="u">20100702</subfield>
  </datafield>
  <datafield tag="952" ind1=" " ind2=" ">
    <subfield code="a">173885162</subfield>
    <subfield code="z">PLL</subfield>
    <subfield code="b">UNIV OF PENNSYLVANIA, LAW LIBR</subfield>
    <subfield code="h">Full</subfield>
    <subfield code="i">LCC</subfield>
    <subfield code="u">20100803</subfield>
  </datafield>
  <datafield tag="952" ind1=" " ind2=" ">
    <subfield code="a">212449282</subfield>
    <subfield code="z">COO</subfield>
    <subfield code="b">CORNELL UNIV</subfield>
    <subfield code="h">Full</subfield>
    <subfield code="u">20100725</subfield>
  </datafield>
  <datafield tag="952" ind1=" " ind2=" ">
    <subfield code="a">239666509</subfield>
    <subfield code="z">HVL</subfield>
    <subfield code="b">HARVARD UNIV, LAW SCH, LIBR</subfield>
    <subfield code="h">Full batch</subfield>
    <subfield code="i">LCC</subfield>
    <subfield code="k">DDC</subfield>
    <subfield code="u">20100630</subfield>
  </datafield>
  <datafield tag="952" ind1=" " ind2=" ">
    <subfield code="a">274190914</subfield>
    <subfield code="z">RCJ</subfield>
    <subfield code="b">STANFORD UNIV, ROBERT CROWN LAW LIBR</subfield>
    <subfield code="h">Full</subfield>
    <subfield code="i">LCC</subfield>
    <subfield code="k">DDC</subfield>
    <subfield code="u">20100713</subfield>
  </datafield>
  <datafield tag="952" ind1=" " ind2=" ">
    <subfield code="a">291173262</subfield>
    <subfield code="z">LUI</subfield>
    <subfield code="b">UNIV OF IOWA, LAW LIBR</subfield>
    <subfield code="h">Full</subfield>
    <subfield code="i">LCC</subfield>
    <subfield code="k">DDC</subfield>
    <subfield code="u">20100721</subfield>
  </datafield>
  <datafield tag="952" ind1=" " ind2=" ">
    <subfield code="a">426314327</subfield>
    <subfield code="z">EMI</subfield>
    <subfield code="b">UNIV OF MICHIGAN, LAW LIBR</subfield>
    <subfield code="h">Full</subfield>
    <subfield code="i">LCC</subfield>
    <subfield code="k">DDC</subfield>
    <subfield code="u">20100627</subfield>
  </datafield>
  <datafield tag="952" ind1=" " ind2=" ">
    <subfield code="a">682800377</subfield>
    <subfield code="z">YUS</subfield>
    <subfield code="b">YALE UNIV LIBR</subfield>
    <subfield code="h">Full</subfield>
    <subfield code="i">LCC</subfield>
    <subfield code="k">DDC</subfield>
    <subfield code="u">20101122</subfield>
  </datafield>
  <datafield tag="952" ind1=" " ind2=" ">
    <subfield code="a">731944413</subfield>
    <subfield code="z">BOL</subfield>
    <subfield code="b">UNIV OF CALIFORNIA BERKELEY LAW LIBR</subfield>
    <subfield code="h">Full</subfield>
    <subfield code="u">20110621</subfield>
  </datafield>
  <datafield tag="952" ind1=" " ind2=" ">
    <subfield code="a">737390765</subfield>
    <subfield code="z">CUY</subfield>
    <subfield code="b">UNIV OF CALIFORNIA, BERKELEY</subfield>
    <subfield code="h">Full</subfield>
    <subfield code="i">LCC</subfield>
    <subfield code="k">DDC</subfield>
    <subfield code="u">20111228</subfield>
  </datafield>
  <datafield tag="029" ind1="1" ind2=" ">
    <subfield code="a">NZ1</subfield>
    <subfield code="b">3910261</subfield>
  </datafield>
  <datafield tag="029" ind1="1" ind2=" ">
    <subfield code="a">AU@</subfield>
    <subfield code="b">000001532873</subfield>
  </datafield>
  <datafield tag="029" ind1="1" ind2=" ">
    <subfield code="a">ZWZ</subfield>
    <subfield code="b">019509413</subfield>
  </datafield>
  <datafield tag="994" ind1=" " ind2=" ">
    <subfield code="a">Z0</subfield>
    <subfield code="b">PMR</subfield>
  </datafield>
  <datafield tag="948" ind1=" " ind2=" ">
    <subfield code="h">NO HOLDINGS IN PMR - 168 OTHER HOLDINGS</subfield>
  </datafield>
</record>
